TT_ID,specie,stringType.x,Tref_0,Theat_0,growth,adc_bandgap,nbits,RH,Tair,gzm,gzsd,gym,gysd,gxm,gxsd,Tref_1,Theat_1,StWC,stringType.y,Timestamp,SDate,STime
individuo 1,PP,45,256,242,0,43010,17,47,194,-4050,0,-593,0,370,0,253,293,13011,49,2023-07-08 05:00:00 UTC,2023-07-08,07:00:00
individuo 1,PP,45,261,246,0,42626,17,48,187,-4050,0,-595,0,369,0,258,296,13101,49,2023-07-05 05:00:00 UTC,2023-07-05,07:00:00
individuo 1,PP,45,266,253,0,43010,17,46,202,-4050,0,-592,0,370,0,263,303,12996,49,2023-07-08 04:00:00 UTC,2023-07-08,06:00:00
individuo 1,PP,45,268,255,0,42754,17,45,201,-4050,0,-594,0,369,0,266,305,12993,49,2023-07-06 05:00:00 UTC,2023-07-06,07:00:00
individuo 1,PP,45,270,278,0,43010,17,49,235,-4049,0,-592,0,367,0,283,348,12317,49,2023-07-08 06:00:00 UTC,2023-07-08,08:00:00
individuo 1,PP,45,273,258,0,42626,17,47,195,-4050,0,-595,0,369,0,269,307,13074,49,2023-07-05 04:00:00 UTC,2023-07-05,06:00:00
individuo 1,PP,45,276,265,0,42878,17,46,218,-4049,0,-595,0,368,0,275,317,12891,49,2023-07-07 05:00:00 UTC,2023-07-07,07:00:00
individuo 1,PP,45,278,285,0,42498,17,50,234,-4049,0,-594,0,367,0,291,354,12339,49,2023-07-05 06:00:00 UTC,2023-07-05,08:00:00
individuo 1,PP,45,279,265,0,42714,17,45,209,-4049,0,-595,0,368,0,276,315,13004,49,2023-07-06 04:00:00 UTC,2023-07-06,06:00:00
individuo 1,PP,45,281,267,0,43010,17,46,221,-4049,0,-593,0,368,0,278,318,12890,49,2023-07-08 03:00:00 UTC,2023-07-08,05:00:00
individuo 1,PP,45,281,284,0,42626,17,47,237,-4049,0,-594,0,366,0,292,353,12391,49,2023-07-06 06:00:00 UTC,2023-07-06,08:00:00
individuo 1,PP,45,285,268,0,42503,17,47,207,-4049,0,-595,0,368,0,283,320,12983,49,2023-07-05 03:00:00 UTC,2023-07-05,05:00:00
individuo 1,PP,45,286,275,0,42104,17,50,215,-4049,0,-596,0,368,0,285,326,12896,49,2023-07-01 05:00:00 UTC,2023-07-01,07:00:00
individuo 1,PP,45,290,275,0,42626,17,44,218,-4049,0,-594,0,368,0,287,326,12934,49,2023-07-06 03:00:00 UTC,2023-07-06,05:00:00
individuo 1,PP,45,292,283,0,42754,17,45,244,-4049,0,-593,0,366,0,290,335,12751,49,2023-07-07 04:00:00 UTC,2023-07-07,06:00:00
individuo 1,PP,45,293,300,0,42754,17,47,260,-4048,0,-595,0,366,0,301,364,12265,49,2023-07-07 06:00:00 UTC,2023-07-07,08:00:00
individuo 1,PP,45,294,282,0,42882,17,45,240,-4049,0,-592,0,364,0,292,335,12724,49,2023-07-08 02:00:00 UTC,2023-07-08,04:00:00
individuo 1,PP,45,298,281,0,42498,17,47,218,-4049,0,-595,0,368,0,296,331,12941,49,2023-07-05 02:00:00 UTC,2023-07-05,04:00:00
individuo 1,PP,45,298,290,0,42754,17,45,250,-4048,0,-595,0,367,0,297,341,12627,49,2023-07-07 03:00:01 UTC,2023-07-07,05:00:01
individuo 1,PP,45,299,288,0,42123,17,51,232,-4048,0,-597,0,368,0,298,339,12763,49,2023-07-02 05:00:00 UTC,2023-07-02,07:00:00
individuo 1,PP,45,299,303,0,41986,17,52,251,-4048,0,-595,0,367,0,304,361,12470,49,2023-07-01 06:00:00 UTC,2023-07-01,08:00:00
individuo 1,PP,45,299,305,0,42882,17,50,294,-4047,0,-593,0,363,0,301,382,12207,49,2023-07-08 07:00:00 UTC,2023-07-08,09:00:00
individuo 1,PP,45,300,311,0,42370,17,51,285,-4047,0,-595,0,364,0,304,375,12305,49,2023-07-05 07:00:00 UTC,2023-07-05,09:00:00
individuo 1,PP,45,301,289,0,41986,17,50,231,-4049,0,-595,0,367,0,298,339,12825,49,2023-07-01 04:00:00 UTC,2023-07-01,06:00:00
individuo 1,PP,45,302,290,0,42370,17,50,236,-4048,0,-596,0,367,0,300,340,12734,49,2023-07-04 05:00:00 UTC,2023-07-04,07:00:00
individuo 1,PP,45,304,289,0,42626,17,44,228,-4049,0,-595,0,366,0,301,339,12832,49,2023-07-06 02:00:00 UTC,2023-07-06,04:00:00
individuo 1,PP,45,304,292,0,42882,17,45,249,-4049,0,-588,0,365,0,301,342,12647,49,2023-07-08 01:00:00 UTC,2023-07-08,03:00:00
individuo 1,PP,45,305,295,0,42754,17,45,254,-4047,0,-596,0,366,0,303,347,12604,49,2023-07-07 02:00:00 UTC,2023-07-07,04:00:00
individuo 1,PP,45,308,296,0,42754,17,44,247,-4048,0,-595,0,367,0,307,347,12686,49,2023-07-07 01:00:00 UTC,2023-07-07,03:00:00
individuo 1,PP,45,310,312,0,42114,17,53,264,-4047,0,-597,0,366,0,318,376,12212,49,2023-07-02 06:00:00 UTC,2023-07-02,08:00:00
individuo 1,PP,45,311,300,0,42114,17,51,246,-4048,0,-597,0,367,0,308,349,12686,49,2023-07-02 04:00:00 UTC,2023-07-02,06:00:00
individuo 1,PP,45,312,295,0,42498,17,46,229,-4048,0,-595,0,367,0,309,344,12862,49,2023-07-05 01:00:00 UTC,2023-07-05,03:00:00
individuo 1,PP,45,312,302,0,41986,17,50,246,-4048,0,-595,0,367,0,311,354,12695,49,2023-07-01 03:00:00 UTC,2023-07-01,05:00:00
individuo 1,PP,45,312,319,0,42498,17,48,303,-4047,0,-595,0,360,0,316,394,12145,49,2023-07-06 07:00:00 UTC,2023-07-06,09:00:00
individuo 1,PP,45,313,318,0,42370,17,52,270,-4048,0,-594,0,367,0,322,383,12262,49,2023-07-04 06:00:00 UTC,2023-07-04,08:00:00
individuo 1,PP,45,315,304,0,42882,17,44,261,-4050,0,-584,0,366,0,313,354,12569,49,2023-07-08 00:00:01 UTC,2023-07-08,02:00:01
individuo 1,PP,45,316,305,0,42370,17,50,254,-4048,0,-594,0,367,0,314,357,12592,49,2023-07-04 04:00:00 UTC,2023-07-04,06:00:00
individuo 1,PP,45,316,306,0,42242,17,50,260,-4048,0,-597,0,364,0,314,357,12574,49,2023-07-03 05:00:00 UTC,2023-07-03,07:00:00
individuo 1,PP,45,317,303,0,42754,17,44,250,-4047,0,-596,0,366,0,315,355,12702,49,2023-07-07 00:00:00 UTC,2023-07-07,02:00:00
individuo 1,PP,45,317,328,0,42626,17,48,312,-4046,0,-595,0,362,0,322,401,12052,49,2023-07-07 07:00:00 UTC,2023-07-07,09:00:00
individuo 1,PP,45,321,309,0,42114,17,51,258,-4047,0,-597,0,366,0,319,361,12579,49,2023-07-02 03:00:00 UTC,2023-07-02,05:00:00
individuo 1,PP,45,322,310,0,41986,17,49,260,-4048,0,-595,0,362,0,320,361,12604,49,2023-07-01 02:00:01 UTC,2023-07-01,04:00:01
individuo 1,PP,45,322,322,0,42242,17,51,275,-4047,0,-597,0,365,0,328,384,12220,49,2023-07-03 06:00:00 UTC,2023-07-03,08:00:00
individuo 1,PP,45,323,310,0,42625,17,44,262,-4048,0,-595,0,365,0,319,356,12692,49,2023-07-06 01:00:00 UTC,2023-07-06,03:00:00
individuo 1,PP,45,323,336,0,41858,17,53,307,-4046,0,-596,0,363,0,331,407,12084,49,2023-07-01 07:00:01 UTC,2023-07-01,09:00:01
individuo 1,PP,45,324,315,0,42242,17,50,268,-4048,0,-594,0,363,0,323,367,12514,49,2023-07-03 04:00:00 UTC,2023-07-03,06:00:00
individuo 1,PP,45,324,339,0,42755,17,50,308,-4047,0,-592,0,363,0,329,394,12118,49,2023-07-08 09:00:00 UTC,2023-07-08,11:00:00
individuo 1,PP,45,325,313,0,42882,17,44,273,-4050,2,-586,2,363,2,323,364,12499,49,2023-07-07 23:00:00 UTC,2023-07-08,01:00:00
individuo 1,PP,45,326,315,0,42369,17,50,264,-4049,1,-591,1,365,1,324,365,12510,49,2023-07-04 03:00:00 UTC,2023-07-04,05:00:00
individuo 1,PP,45,326,333,0,42754,17,49,315,-4047,0,-592,0,364,0,328,389,12086,49,2023-07-08 10:00:00 UTC,2023-07-08,12:00:00
individuo 1,PP,45,329,343,0,42370,17,50,320,-4046,0,-596,0,362,0,329,397,11990,49,2023-07-05 08:00:00 UTC,2023-07-05,10:00:00
individuo 1,PP,45,330,316,0,42754,17,44,261,-4047,0,-596,0,365,0,329,369,12605,49,2023-07-06 23:00:00 UTC,2023-07-07,01:00:00
individuo 1,PP,45,331,356,0,42362,17,50,322,-4046,0,-595,0,363,0,338,404,11989,49,2023-07-05 09:00:00 UTC,2023-07-05,11:00:00
individuo 1,PP,45,332,321,0,41929,17,49,268,-4048,0,-595,0,361,0,330,371,12539,49,2023-07-01 01:00:00 UTC,2023-07-01,03:00:00
individuo 1,PP,45,332,322,0,42090,17,50,274,-4048,0,-592,0,364,0,330,372,12478,49,2023-07-02 02:00:00 UTC,2023-07-02,04:00:00
individuo 1,PP,45,333,323,0,42144,17,49,276,-4049,0,-589,0,365,0,332,375,12428,49,2023-07-03 03:00:00 UTC,2023-07-03,05:00:00
individuo 1,PP,45,335,319,0,42381,17,46,266,-4047,0,-596,0,364,0,331,367,12731,49,2023-07-05 00:00:00 UTC,2023-07-05,02:00:00
individuo 1,PP,45,335,324,0,42242,17,49,277,-4048,1,-595,1,361,1,334,375,12476,49,2023-07-04 02:00:00 UTC,2023-07-04,04:00:00
individuo 1,PP,45,335,347,0,41986,17,54,318,-4046,0,-597,0,362,0,340,415,12009,49,2023-07-02 07:00:00 UTC,2023-07-02,09:00:00
individuo 1,PP,45,335,348,0,42242,17,53,304,-4049,0,-587,0,363,0,340,413,12097,49,2023-07-04 07:00:00 UTC,2023-07-04,09:00:00
individuo 1,PP,45,335,354,0,42754,17,50,341,-4046,0,-592,0,360,0,331,401,12085,49,2023-07-08 08:00:00 UTC,2023-07-08,10:00:00
individuo 1,PP,45,337,325,0,42498,17,44,277,-4048,0,-592,0,362,0,334,375,12486,49,2023-07-06 00:00:00 UTC,2023-07-06,02:00:00
individuo 1,PP,45,337,326,0,42754,17,44,287,-4048,0,-590,0,363,0,335,376,12413,49,2023-07-07 22:00:00 UTC,2023-07-08,00:00:00
individuo 1,PP,45,340,330,0,41987,17,50,283,-4049,1,-592,1,354,1,339,381,12415,49,2023-07-02 01:00:00 UTC,2023-07-02,03:00:00
individuo 1,PP,45,340,355,0,42626,17,48,326,-4048,0,-588,0,358,0,347,420,11886,49,2023-07-07 09:00:00 UTC,2023-07-07,11:00:00
individuo 1,PP,45,341,356,0,42496,17,48,328,-4046,0,-595,0,360,0,347,415,11988,49,2023-07-06 09:00:00 UTC,2023-07-06,11:00:00
individuo 1,PP,45,341,357,0,42242,17,50,347,-4046,0,-596,0,357,0,343,412,11858,49,2023-07-05 10:00:00 UTC,2023-07-05,12:00:00
individuo 1,PP,45,342,331,0,41858,17,49,279,-4050,0,-585,0,365,0,341,382,12470,49,2023-07-01 00:00:00 UTC,2023-07-01,02:00:00
individuo 1,PP,45,342,331,0,42115,17,49,282,-4047,0,-596,0,364,0,340,383,12409,49,2023-07-03 02:00:00 UTC,2023-07-03,04:00:00
individuo 1,PP,45,343,355,0,42114,17,52,323,-4046,0,-597,0,361,0,349,422,12068,49,2023-07-03 07:00:00 UTC,2023-07-03,09:00:00
individuo 1,PP,45,343,357,0,42754,17,50,345,-4045,0,-595,0,362,0,340,402,11920,49,2023-07-08 11:00:00 UTC,2023-07-08,13:00:00
individuo 1,PP,45,344,357,0,42626,17,47,338,-4048,0,-591,0,353,0,346,410,11882,49,2023-07-07 10:00:00 UTC,2023-07-07,12:00:00
individuo 1,PP,45,344,360,0,42754,17,48,353,-4045,0,-594,0,362,0,345,415,11781,49,2023-07-08 12:00:00 UTC,2023-07-08,14:00:00
individuo 1,PP,45,346,331,0,42626,17,43,284,-4046,0,-596,0,362,0,343,382,12487,49,2023-07-06 22:00:00 UTC,2023-07-07,00:00:00
individuo 1,PP,45,346,335,0,42242,17,48,283,-4047,0,-595,0,362,0,344,385,12382,49,2023-07-04 01:00:00 UTC,2023-07-04,03:00:00
individuo 1,PP,45,346,356,0,42374,17,48,341,-4045,0,-595,0,360,0,347,411,11952,49,2023-07-06 10:00:01 UTC,2023-07-06,12:00:01
individuo 1,PP,45,347,364,0,42527,17,48,350,-4047,0,-591,0,350,0,345,415,11955,49,2023-07-07 08:00:00 UTC,2023-07-07,10:00:00
individuo 1,PP,45,348,336,0,42754,17,44,299,-4048,0,-590,0,361,0,345,388,12310,49,2023-07-07 21:00:00 UTC,2023-07-07,23:00:00
individuo 1,PP,45,349,337,0,42498,17,44,290,-4048,0,-590,0,363,0,347,388,12380,49,2023-07-05 23:00:00 UTC,2023-07-06,01:00:00
individuo 1,PP,45,349,339,0,41986,17,49,292,-4046,0,-598,0,361,0,347,390,12358,49,2023-07-02 00:00:00 UTC,2023-07-02,02:00:00
individuo 1,PP,45,349,362,0,42754,17,47,361,-4045,0,-594,0,362,0,350,415,11805,49,2023-07-08 13:00:00 UTC,2023-07-08,15:00:00
individuo 1,PP,45,350,374,0,42370,17,48,355,-4045,0,-595,0,359,0,348,422,11982,49,2023-07-06 08:00:00 UTC,2023-07-06,10:00:00
individuo 1,PP,45,351,339,0,42370,17,46,291,-4047,0,-593,0,363,0,349,389,12364,49,2023-07-04 23:00:01 UTC,2023-07-05,01:00:01
individuo 1,PP,45,351,341,0,42114,17,49,295,-4047,0,-593,0,365,0,349,393,12349,49,2023-07-03 01:00:00 UTC,2023-07-03,03:00:00
individuo 1,PP,45,354,343,0,41858,17,48,293,-4049,0,-587,0,363,0,352,393,12372,49,2023-06-30 23:00:00 UTC,2023-07-01,01:00:00
individuo 1,PP,45,354,365,0,41858,17,52,335,-4047,0,-594,0,357,0,356,422,11943,49,2023-07-01 10:00:00 UTC,2023-07-01,12:00:00
individuo 1,PP,45,354,366,0,42242,17,53,325,-4048,0,-593,0,354,0,359,426,11906,49,2023-07-04 09:00:00 UTC,2023-07-04,11:00:00
individuo 1,PP,45,354,379,0,41853,17,52,334,-4046,0,-595,0,362,0,359,424,11953,49,2023-07-01 09:00:00 UTC,2023-07-01,11:00:00
individuo 1,PP,45,355,367,0,42561,17,46,355,-4048,1,-588,1,353,1,356,420,11833,49,2023-07-07 12:00:00 UTC,2023-07-07,14:00:00
individuo 1,PP,45,356,342,0,42882,17,43,300,-4046,0,-595,0,363,0,351,389,12391,49,2023-07-08 21:00:00 UTC,2023-07-08,23:00:00
individuo 1,PP,45,356,367,0,42117,17,52,341,-4047,0,-594,0,354,0,358,418,11897,49,2023-07-04 10:00:00 UTC,2023-07-04,12:00:00
individuo 1,PP,45,357,343,0,42626,17,43,291,-4046,0,-593,0,366,0,356,395,12369,49,2023-07-06 21:00:00 UTC,2023-07-06,23:00:00
individuo 1,PP,45,357,346,0,42242,17,48,297,-4047,0,-593,0,362,0,356,397,12339,49,2023-07-04 00:00:00 UTC,2023-07-04,02:00:00
individuo 1,PP,45,358,347,0,41986,17,49,303,-4047,0,-596,0,355,0,355,396,12306,49,2023-07-01 23:00:00 UTC,2023-07-02,01:00:00
individuo 1,PP,45,358,347,0,42754,17,44,314,-4053,7,-574,7,354,7,357,397,12246,49,2023-07-07 20:00:00 UTC,2023-07-07,22:00:00
individuo 1,PP,45,358,367,0,42613,17,46,357,-4049,2,-591,2,342,2,359,420,11852,49,2023-07-07 13:00:00 UTC,2023-07-07,15:00:00
individuo 1,PP,45,358,370,0,42747,17,47,376,-4048,1,-588,1,353,1,358,422,11728,49,2023-07-08 14:00:00 UTC,2023-07-08,16:00:00
individuo 1,PP,45,359,350,0,42114,17,48,306,-4046,0,-598,0,362,0,358,400,12243,49,2023-07-03 00:00:00 UTC,2023-07-03,02:00:00
individuo 1,PP,45,359,371,0,42499,17,47,362,-4046,1,-592,1,354,1,354,415,11895,49,2023-07-07 11:00:00 UTC,2023-07-07,13:00:00
individuo 1,PP,45,360,349,0,42479,17,44,306,-4047,0,-593,0,361,0,359,400,12316,49,2023-07-05 22:00:00 UTC,2023-07-06,00:00:00
individuo 1,PP,45,360,384,0,41731,17,52,351,-4046,0,-595,0,357,0,356,431,11989,49,2023-07-01 08:00:00 UTC,2023-07-01,10:00:00
individuo 1,PP,45,361,375,0,42370,17,47,363,-4044,0,-597,0,357,0,364,431,11698,49,2023-07-06 12:00:00 UTC,2023-07-06,14:00:00
individuo 1,PP,45,363,350,0,42114,17,47,295,-4046,0,-598,0,363,0,362,402,12287,49,2023-07-02 23:00:00 UTC,2023-07-03,01:00:00
individuo 1,PP,45,363,352,0,42365,17,46,304,-4047,0,-590,0,361,0,361,401,12284,49,2023-07-04 22:00:00 UTC,2023-07-05,00:00:00
individuo 1,PP,45,363,371,0,42568,17,46,363,-4047,1,-583,1,365,1,364,425,11832,49,2023-07-07 14:00:00 UTC,2023-07-07,16:00:00
individuo 1,PP,45,364,354,0,41858,17,48,303,-4048,0,-590,0,364,0,363,405,12280,49,2023-06-30 22:00:00 UTC,2023-07-01,00:00:00
individuo 1,PP,45,364,388,0,42242,17,51,379,-4044,0,-596,0,357,0,361,428,11699,49,2023-07-05 11:00:00 UTC,2023-07-05,13:00:00
individuo 1,PP,45,365,377,0,41859,17,53,350,-4045,0,-595,0,361,0,366,432,11820,49,2023-07-02 10:00:00 UTC,2023-07-02,12:00:00
individuo 1,PP,45,365,377,0,41987,17,52,343,-4046,0,-596,0,354,0,368,431,11887,49,2023-07-03 09:00:00 UTC,2023-07-03,11:00:00
individuo 1,PP,45,365,378,0,41733,17,52,357,-4047,1,-592,1,353,1,365,428,11822,49,2023-07-01 12:00:00 UTC,2023-07-01,14:00:00
individuo 1,PP,45,365,382,0,42370,17,49,373,-4044,0,-597,0,358,0,360,422,11808,49,2023-07-06 11:00:00 UTC,2023-07-06,13:00:00
individuo 1,PP,45,365,383,0,42242,17,49,379,-4045,0,-593,0,359,0,367,439,11716,49,2023-07-05 12:00:00 UTC,2023-07-05,14:00:00
individuo 1,PP,45,365,389,0,41859,17,53,347,-4045,0,-596,0,363,0,369,429,11894,49,2023-07-02 09:00:00 UTC,2023-07-02,11:00:00
individuo 1,PP,45,366,356,0,41986,17,48,304,-4045,0,-598,0,363,0,364,404,12306,49,2023-07-01 22:00:00 UTC,2023-07-02,00:00:00
individuo 1,PP,45,366,378,0,42114,17,51,363,-4050,1,-593,1,335,1,367,431,11682,49,2023-07-04 12:00:00 UTC,2023-07-04,14:00:00
individuo 1,PP,45,366,379,0,42628,17,46,389,-4045,0,-591,0,358,0,367,431,11705,49,2023-07-08 15:00:01 UTC,2023-07-08,17:00:01
individuo 1,PP,45,366,383,0,42115,17,53,347,-4047,0,-588,0,358,0,363,431,11957,49,2023-07-04 08:00:00 UTC,2023-07-04,10:00:00
individuo 1,PP,45,367,376,0,41987,17,52,348,-4046,0,-590,0,363,0,370,430,11826,49,2023-07-03 10:00:00 UTC,2023-07-03,12:00:00
individuo 1,PP,45,367,379,0,42370,17,47,373,-4046,0,-591,0,356,0,367,430,11792,49,2023-07-06 13:00:00 UTC,2023-07-06,15:00:00
individuo 1,PP,45,367,388,0,41859,17,53,363,-4046,0,-593,0,356,0,364,433,11858,49,2023-07-02 08:00:00 UTC,2023-07-02,10:00:00
individuo 1,PP,45,368,356,0,42221,17,48,310,-4046,0,-594,0,363,0,366,407,12230,49,2023-07-03 23:00:00 UTC,2023-07-04,01:00:00
individuo 1,PP,45,368,379,0,41731,17,51,362,-4045,0,-593,0,362,0,368,427,11964,49,2023-07-01 13:00:00 UTC,2023-07-01,15:00:00
individuo 1,PP,45,369,378,0,42499,17,46,374,-4056,4,-550,4,360,4,370,431,11757,49,2023-07-07 15:00:00 UTC,2023-07-07,17:00:00
individuo 1,PP,45,370,360,0,42882,17,43,328,-4045,0,-595,0,361,0,367,410,12238,49,2023-07-08 20:00:00 UTC,2023-07-08,22:00:00
individuo 1,PP,45,370,364,0,42626,17,45,351,-4056,9,-546,9,366,9,368,411,12109,49,2023-07-07 19:00:00 UTC,2023-07-07,21:00:00
individuo 1,PP,45,370,387,0,41731,17,53,361,-4045,0,-595,0,360,0,363,423,11916,49,2023-07-01 11:00:00 UTC,2023-07-01,13:00:00
individuo 1,PP,45,372,382,0,42370,17,46,379,-4045,0,-591,0,359,0,373,435,11732,49,2023-07-06 14:00:00 UTC,2023-07-06,16:00:00
individuo 1,PP,45,372,383,0,42114,17,50,372,-4051,7,-590,7,329,7,372,433,11712,49,2023-07-04 13:00:00 UTC,2023-07-04,15:00:00
individuo 1,PP,45,373,362,0,42370,17,44,324,-4046,0,-592,0,360,0,371,412,12190,49,2023-07-05 21:00:00 UTC,2023-07-05,23:00:00
individuo 1,PP,45,373,385,0,42114,17,53,370,-4050,1,-582,1,349,1,366,425,11863,49,2023-07-04 11:00:00 UTC,2023-07-04,13:00:00
individuo 1,PP,45,373,391,0,42242,17,48,389,-4047,0,-587,0,355,0,375,444,11647,49,2023-07-05 13:00:00 UTC,2023-07-05,15:00:00
individuo 1,PP,45,374,362,0,41986,17,48,309,-4045,0,-598,0,363,0,373,415,12261,49,2023-07-01 21:00:00 UTC,2023-07-01,23:00:00
individuo 1,PP,45,374,385,0,41731,17,51,374,-4045,0,-593,0,364,0,376,436,11744,49,2023-07-01 14:00:00 UTC,2023-07-01,16:00:00
individuo 1,PP,45,374,389,0,42627,17,47,402,-4047,1,-585,1,357,1,374,441,11674,49,2023-07-08 16:00:00 UTC,2023-07-08,18:00:00
individuo 1,PP,45,375,364,0,42498,17,43,326,-4046,0,-592,0,362,0,372,412,12237,49,2023-07-06 20:00:01 UTC,2023-07-06,22:00:01
individuo 1,PP,45,375,388,0,42499,17,48,386,-4049,5,-568,5,368,5,375,439,11716,49,2023-07-07 16:00:00 UTC,2023-07-07,18:00:00
individuo 1,PP,45,376,365,0,42242,17,46,325,-4046,0,-593,0,363,0,373,416,12193,49,2023-07-04 21:00:00 UTC,2023-07-04,23:00:00
individuo 1,PP,45,376,396,0,41986,17,52,360,-4045,0,-595,0,362,0,372,437,11863,49,2023-07-03 08:00:00 UTC,2023-07-03,10:00:00
individuo 1,PP,45,377,379,0,42499,17,47,387,-4048,4,-578,4,359,4,376,430,11816,49,2023-07-07 18:00:01 UTC,2023-07-07,20:00:01
individuo 1,PP,45,378,368,0,42114,17,48,324,-4051,3,-575,3,365,3,376,418,12116,49,2023-07-03 22:00:00 UTC,2023-07-04,00:00:00
individuo 1,PP,45,378,388,0,42498,17,47,393,-4051,15,-563,15,361,15,378,439,11670,49,2023-07-07 17:00:00 UTC,2023-07-07,19:00:00
individuo 1,PP,45,379,369,0,41987,17,47,323,-4045,0,-597,0,360,0,377,420,12199,49,2023-07-02 22:00:01 UTC,2023-07-03,00:00:01
individuo 1,PP,45,379,389,0,42114,17,50,384,-4045,0,-596,0,351,0,380,441,11631,49,2023-07-04 14:00:00 UTC,2023-07-04,16:00:00
individuo 1,PP,45,379,394,0,41858,17,52,376,-4045,0,-596,0,355,0,381,449,11572,49,2023-07-02 12:00:00 UTC,2023-07-02,14:00:00
individuo 1,PP,45,380,390,0,42370,17,46,393,-4045,2,-591,2,360,2,380,442,11706,49,2023-07-06 15:00:00 UTC,2023-07-06,17:00:00
individuo 1,PP,45,380,395,0,42242,17,48,388,-4048,2,-581,2,359,2,383,450,11567,49,2023-07-05 14:00:00 UTC,2023-07-05,16:00:00
individuo 1,PP,45,380,395,0,42626,17,48,418,-4045,1,-593,1,350,1,381,448,11542,49,2023-07-08 17:00:01 UTC,2023-07-08,19:00:01
individuo 1,PP,45,381,380,0,42754,17,44,386,-4045,0,-591,0,358,0,378,428,11924,49,2023-07-08 19:00:00 UTC,2023-07-08,21:00:00
individuo 1,PP,45,382,396,0,41986,17,52,378,-4044,0,-594,0,361,0,383,446,11677,49,2023-07-03 12:00:00 UTC,2023-07-03,14:00:00
individuo 1,PP,45,383,368,0,42242,17,46,324,-4045,0,-597,0,360,0,380,418,12203,49,2023-07-04 20:00:01 UTC,2023-07-04,22:00:01
individuo 1,PP,45,383,374,0,42370,17,44,342,-4046,0,-595,0,353,0,381,425,12054,49,2023-07-05 20:00:00 UTC,2023-07-05,22:00:00
individuo 1,PP,45,383,391,0,42626,17,46,422,-4044,1,-593,1,353,1,384,441,11619,49,2023-07-08 18:00:00 UTC,2023-07-08,20:00:00
individuo 1,PP,45,383,393,0,41730,17,51,391,-4044,0,-598,0,358,0,384,446,11677,49,2023-07-01 15:00:00 UTC,2023-07-01,17:00:00
individuo 1,PP,45,383,395,0,41858,17,52,382,-4045,0,-593,0,363,0,384,447,11668,49,2023-07-02 13:00:00 UTC,2023-07-02,15:00:00
individuo 1,PP,45,383,400,0,41858,17,54,379,-4044,0,-596,0,361,0,376,436,11774,49,2023-07-02 11:00:01 UTC,2023-07-02,13:00:01
individuo 1,PP,45,385,396,0,41986,17,51,382,-4046,1,-589,1,359,1,387,449,11677,49,2023-07-03 13:00:00 UTC,2023-07-03,15:00:00
individuo 1,PP,45,385,397,0,42370,17,47,398,-4045,0,-591,0,355,0,386,451,11627,49,2023-07-06 16:00:00 UTC,2023-07-06,18:00:00
individuo 1,PP,45,385,399,0,41986,17,53,384,-4046,1,-596,1,347,1,378,437,11775,49,2023-07-03 11:00:00 UTC,2023-07-03,13:00:00
individuo 1,PP,45,386,399,0,42242,17,47,394,-4048,4,-585,4,353,4,385,449,11623,49,2023-07-05 15:00:00 UTC,2023-07-05,17:00:00
individuo 1,PP,45,387,375,0,41859,17,48,332,-4044,0,-599,0,361,0,385,426,12173,49,2023-07-01 20:00:00 UTC,2023-07-01,22:00:00
individuo 1,PP,45,387,383,0,42371,17,45,383,-4046,1,-585,1,361,1,386,432,11934,49,2023-07-06 19:00:00 UTC,2023-07-06,21:00:00
individuo 1,PP,45,388,378,0,41986,17,47,335,-4045,0,-597,0,361,0,386,428,12056,49,2023-07-02 21:00:00 UTC,2023-07-02,23:00:00
individuo 1,PP,45,388,400,0,42114,17,50,400,-4045,0,-594,0,352,0,389,452,11594,49,2023-07-04 15:00:00 UTC,2023-07-04,17:00:00
individuo 1,PP,45,389,378,0,42114,17,48,337,-4056,7,-559,7,359,7,386,428,12061,49,2023-07-03 21:00:00 UTC,2023-07-03,23:00:00
individuo 1,PP,45,389,401,0,42370,17,48,409,-4044,2,-591,2,355,2,390,451,11568,49,2023-07-06 17:00:00 UTC,2023-07-06,19:00:00
individuo 1,PP,45,390,405,0,41730,17,53,407,-4043,0,-596,0,361,0,392,458,11571,49,2023-07-01 16:00:00 UTC,2023-07-01,18:00:00
individuo 1,PP,45,391,395,0,42370,17,46,409,-4048,2,-575,2,363,2,391,446,11643,49,2023-07-06 18:00:00 UTC,2023-07-06,20:00:00
individuo 1,PP,45,391,401,0,42242,17,47,401,-4045,1,-589,1,360,1,392,454,11645,49,2023-07-05 16:00:00 UTC,2023-07-05,18:00:00
individuo 1,PP,45,391,404,0,41858,17,51,394,-4044,0,-595,0,364,0,392,455,11580,49,2023-07-02 14:00:00 UTC,2023-07-02,16:00:00
individuo 1,PP,45,392,403,0,41986,17,50,395,-4044,0,-594,0,357,0,394,455,11603,49,2023-07-03 14:00:00 UTC,2023-07-03,16:00:00
individuo 1,PP,45,393,380,0,41986,17,48,330,-4045,0,-598,0,362,0,392,435,12088,49,2023-07-02 20:00:00 UTC,2023-07-02,22:00:00
individuo 1,PP,45,393,390,0,42242,17,45,390,-4045,1,-592,1,354,1,392,440,11906,49,2023-07-05 19:00:01 UTC,2023-07-05,21:00:01
individuo 1,PP,45,395,406,0,42242,17,48,402,-4049,16,-575,16,357,16,396,459,11565,49,2023-07-05 17:00:00 UTC,2023-07-05,19:00:00
individuo 1,PP,45,395,410,0,42104,17,51,407,-4046,1,-594,1,346,1,396,462,11535,49,2023-07-04 16:00:00 UTC,2023-07-04,18:00:00
individuo 1,PP,45,397,402,0,42226,17,47,413,-4046,3,-590,3,351,3,396,452,11605,49,2023-07-05 18:00:01 UTC,2023-07-05,20:00:01
individuo 1,PP,45,397,411,0,41715,17,52,425,-4042,0,-597,0,360,0,398,465,11478,49,2023-07-01 17:00:00 UTC,2023-07-01,19:00:00
individuo 1,PP,45,398,390,0,42114,17,48,352,-4048,0,-584,0,359,0,396,438,11950,49,2023-07-03 20:00:00 UTC,2023-07-03,22:00:00
individuo 1,PP,45,398,408,0,41858,17,51,406,-4045,1,-592,1,357,1,400,463,11520,49,2023-07-02 15:00:00 UTC,2023-07-02,17:00:00
individuo 1,PP,45,399,412,0,41987,17,51,422,-4050,3,-569,3,357,3,400,465,11497,49,2023-07-04 17:00:01 UTC,2023-07-04,19:00:01
individuo 1,PP,45,400,396,0,41730,17,50,401,-4043,0,-600,0,358,0,399,448,11849,49,2023-07-01 19:00:00 UTC,2023-07-01,21:00:00
individuo 1,PP,45,401,407,0,41639,17,52,433,-4042,0,-602,0,355,0,402,459,11525,49,2023-07-01 18:00:00 UTC,2023-07-01,20:00:00
individuo 1,PP,45,401,412,0,41945,17,50,408,-4051,1,-596,1,312,1,402,463,11561,49,2023-07-03 15:00:00 UTC,2023-07-03,17:00:00
individuo 1,PP,45,402,399,0,42114,17,48,405,-4044,0,-596,0,357,0,400,448,11823,49,2023-07-04 19:00:00 UTC,2023-07-04,21:00:00
individuo 1,PP,45,403,410,0,41987,17,50,430,-4045,1,-590,1,353,1,403,459,11529,49,2023-07-04 18:00:00 UTC,2023-07-04,20:00:00
individuo 1,PP,45,405,418,0,41828,17,52,419,-4049,1,-595,1,329,1,406,470,11537,49,2023-07-02 16:00:00 UTC,2023-07-02,18:00:00
individuo 1,PP,45,407,421,0,41859,17,52,420,-4045,1,-592,1,351,1,408,473,11488,49,2023-07-03 16:00:01 UTC,2023-07-03,18:00:01
individuo 1,PP,45,409,405,0,41986,17,48,392,-4053,3,-564,3,357,3,407,453,11790,49,2023-07-03 19:00:00 UTC,2023-07-03,21:00:00
individuo 1,PP,45,411,407,0,41858,17,49,413,-4043,0,-599,0,356,0,409,456,11828,49,2023-07-02 19:00:00 UTC,2023-07-02,21:00:00
individuo 1,PP,45,411,423,0,41859,17,51,428,-4045,0,-589,0,353,0,411,473,11491,49,2023-07-03 17:00:00 UTC,2023-07-03,19:00:00
individuo 1,PP,45,411,425,0,41731,17,52,434,-4043,0,-600,0,354,0,411,476,11461,49,2023-07-02 17:00:00 UTC,2023-07-02,19:00:00
individuo 1,PP,45,412,417,0,41859,17,50,426,-4045,1,-590,1,358,1,412,465,11541,49,2023-07-03 18:00:00 UTC,2023-07-03,20:00:00
individuo 1,PP,45,414,421,0,41731,17,51,436,-4044,0,-600,0,342,0,414,469,11510,49,2023-07-02 18:00:01 UTC,2023-07-02,20:00:01
individuo 2,PP,45,224,233,0,41488,17,49,184,-4120,0,74,0,0,0,226,300,12155,49,2023-07-05 05:00:00 UTC,2023-07-05,07:00:00
individuo 2,PP,45,229,237,0,41474,17,48,193,-4121,0,73,0,0,0,229,302,12084,49,2023-07-08 05:00:00 UTC,2023-07-08,07:00:00
individuo 2,PP,45,233,241,0,41474,17,49,192,-4121,0,73,0,0,0,235,309,12091,49,2023-07-05 04:00:00 UTC,2023-07-05,06:00:00
individuo 2,PP,45,238,245,0,41474,17,48,199,-4122,0,73,0,1,0,238,312,12065,49,2023-07-08 04:00:00 UTC,2023-07-08,06:00:00
individuo 2,PP,45,238,246,0,41474,17,47,198,-4122,0,73,0,0,0,237,309,12052,49,2023-07-06 05:00:00 UTC,2023-07-06,07:00:00
individuo 2,PP,45,241,245,0,41474,17,50,199,-4121,0,73,0,0,0,253,320,11824,49,2023-07-05 06:00:00 UTC,2023-07-05,08:00:00
individuo 2,PP,45,242,246,0,41474,17,49,204,-4122,0,73,0,1,0,250,318,11850,49,2023-07-08 06:00:00 UTC,2023-07-08,08:00:00
individuo 2,PP,45,246,255,0,41474,17,48,203,-4122,0,73,0,0,0,243,315,12032,49,2023-07-05 03:00:00 UTC,2023-07-05,05:00:00
individuo 2,PP,45,248,258,0,41474,17,46,208,-4123,0,72,0,0,0,244,318,12053,49,2023-07-06 04:00:00 UTC,2023-07-06,06:00:00
individuo 2,PP,45,249,254,0,41474,17,48,210,-4123,0,72,0,0,0,258,327,11829,49,2023-07-06 06:00:00 UTC,2023-07-06,08:00:00
individuo 2,PP,45,250,259,0,41474,17,47,214,-4124,0,72,0,0,0,251,323,11956,49,2023-07-07 05:00:00 UTC,2023-07-07,07:00:00
individuo 2,PP,45,255,263,0,41194,17,51,212,-4123,0,71,0,0,0,254,326,11900,49,2023-07-01 05:00:00 UTC,2023-07-01,07:00:00
individuo 2,PP,45,255,263,0,41474,17,47,218,-4124,0,72,0,1,0,250,323,12001,49,2023-07-08 03:00:00 UTC,2023-07-08,05:00:00
individuo 2,PP,45,259,267,0,41474,17,46,216,-4124,0,72,0,0,0,256,330,11992,49,2023-07-06 03:00:00 UTC,2023-07-06,05:00:00
individuo 2,PP,45,260,269,0,41474,17,48,215,-4124,0,72,0,0,0,256,331,12004,49,2023-07-05 02:00:00 UTC,2023-07-05,04:00:00
individuo 2,PP,45,265,270,0,41090,17,52,223,-4124,0,71,0,0,0,274,341,11687,49,2023-07-01 06:00:00 UTC,2023-07-01,08:00:00
individuo 2,PP,45,266,269,0,41385,17,48,230,-4124,0,71,0,1,0,274,341,11684,49,2023-07-07 06:00:00 UTC,2023-07-07,08:00:00
individuo 2,PP,45,267,275,0,41218,17,52,229,-4125,0,70,0,0,0,267,339,11808,49,2023-07-02 05:00:00 UTC,2023-07-02,07:00:00
individuo 2,PP,45,268,276,0,41090,17,51,229,-4125,0,71,0,0,0,266,339,11862,49,2023-07-01 04:00:00 UTC,2023-07-01,06:00:00
individuo 2,PP,45,268,278,0,41348,17,46,225,-4125,0,71,0,0,0,267,341,11900,49,2023-07-06 02:00:00 UTC,2023-07-06,04:00:00
individuo 2,PP,45,271,277,0,41346,17,47,236,-4125,0,72,0,2,0,271,339,11803,49,2023-07-08 02:00:00 UTC,2023-07-08,04:00:00
individuo 2,PP,45,271,279,0,41346,17,51,234,-4125,0,71,0,0,0,270,344,11786,49,2023-07-04 05:00:00 UTC,2023-07-04,07:00:00
individuo 2,PP,45,272,283,0,41376,17,48,225,-4125,0,72,0,0,0,267,341,11923,49,2023-07-05 01:00:00 UTC,2023-07-05,03:00:00
individuo 2,PP,45,273,271,0,41346,17,50,253,-4127,0,70,0,0,0,276,337,11622,49,2023-07-08 07:00:00 UTC,2023-07-08,09:00:00
individuo 2,PP,45,273,278,0,41346,17,47,241,-4126,0,70,0,1,0,268,340,11819,49,2023-07-07 04:00:00 UTC,2023-07-07,06:00:00
individuo 2,PP,45,278,283,0,41346,17,53,239,-4126,0,71,0,1,0,284,352,11597,49,2023-07-04 06:00:00 UTC,2023-07-04,08:00:00
individuo 2,PP,45,279,283,0,41218,17,53,239,-4125,0,70,0,0,0,286,354,11594,49,2023-07-02 06:00:00 UTC,2023-07-02,08:00:00
individuo 2,PP,45,280,278,0,41266,17,50,260,-4127,0,70,0,0,0,280,339,11561,49,2023-07-05 07:00:00 UTC,2023-07-05,09:00:00
individuo 2,PP,45,280,283,0,41346,17,47,248,-4126,0,70,0,1,0,280,345,11676,49,2023-07-07 03:00:00 UTC,2023-07-07,05:00:00
individuo 2,PP,45,281,285,0,41346,17,46,245,-4126,0,72,0,3,0,279,346,11739,49,2023-07-08 01:00:00 UTC,2023-07-08,03:00:00
individuo 2,PP,45,281,286,0,41090,17,51,244,-4126,0,70,0,0,0,280,347,11700,49,2023-07-01 03:00:00 UTC,2023-07-01,05:00:00
individuo 2,PP,45,282,289,0,41218,17,52,244,-4126,0,70,0,0,0,282,354,11713,49,2023-07-02 04:00:00 UTC,2023-07-02,06:00:00
individuo 2,PP,45,284,289,0,41346,17,46,251,-4126,0,70,0,1,0,283,352,11684,49,2023-07-07 02:00:00 UTC,2023-07-07,04:00:00
individuo 2,PP,45,285,291,0,41346,17,46,244,-4126,0,70,0,1,0,286,358,11738,49,2023-07-07 01:00:00 UTC,2023-07-07,03:00:00
individuo 2,PP,45,286,291,0,41346,17,51,251,-4127,0,71,0,1,0,285,354,11654,49,2023-07-04 04:00:00 UTC,2023-07-04,06:00:00
individuo 2,PP,45,288,296,0,41346,17,46,245,-4126,0,70,0,0,0,286,360,11778,49,2023-07-07 00:00:00 UTC,2023-07-07,02:00:00
individuo 2,PP,45,290,289,0,41218,17,48,270,-4128,0,69,0,0,0,287,350,11568,49,2023-07-06 07:00:00 UTC,2023-07-06,09:00:00
individuo 2,PP,45,291,288,0,41218,17,50,277,-4128,0,70,0,1,0,294,354,11521,49,2023-07-08 08:00:00 UTC,2023-07-08,10:00:00
individuo 2,PP,45,291,296,0,41218,17,51,257,-4127,0,70,0,0,0,288,359,11649,49,2023-07-03 05:00:00 UTC,2023-07-03,07:00:00
individuo 2,PP,45,291,296,0,41218,17,52,255,-4127,0,69,0,0,0,299,368,11516,49,2023-07-03 06:00:00 UTC,2023-07-03,08:00:00
individuo 2,PP,45,291,298,0,41203,17,52,253,-4127,0,70,0,0,0,290,360,11642,49,2023-07-02 03:00:00 UTC,2023-07-02,05:00:00
individuo 2,PP,45,293,293,0,40962,17,53,268,-4128,0,68,0,1,0,295,357,11489,49,2023-07-01 07:00:00 UTC,2023-07-01,09:00:00
individuo 2,PP,45,293,295,0,41218,17,53,269,-4128,0,70,0,2,0,298,361,11459,49,2023-07-04 07:00:00 UTC,2023-07-04,09:00:00
individuo 2,PP,45,293,297,0,41346,17,46,258,-4127,0,71,0,3,0,291,357,11679,49,2023-07-08 00:00:00 UTC,2023-07-08,02:00:00
individuo 2,PP,45,294,302,0,41346,17,45,259,-4128,0,70,0,0,0,289,364,11776,49,2023-07-06 01:00:00 UTC,2023-07-06,03:00:00
individuo 2,PP,45,295,299,0,40964,17,50,256,-4127,0,70,0,0,0,294,360,11622,49,2023-07-01 02:00:00 UTC,2023-07-01,04:00:00
individuo 2,PP,45,296,295,0,41218,17,48,274,-4128,0,69,0,1,0,301,361,11455,49,2023-07-07 07:00:00 UTC,2023-07-07,09:00:00
individuo 2,PP,45,297,302,0,41346,17,51,262,-4128,0,70,0,2,0,296,361,11591,49,2023-07-04 03:00:00 UTC,2023-07-04,05:00:00
individuo 2,PP,45,298,307,0,41346,17,45,257,-4128,0,70,0,0,0,297,370,11711,49,2023-07-06 23:00:00 UTC,2023-07-07,01:00:00
individuo 2,PP,45,298,308,0,41346,17,48,263,-4128,0,70,0,0,0,289,362,11761,49,2023-07-05 00:00:00 UTC,2023-07-05,02:00:00
individuo 2,PP,45,300,304,0,41218,17,51,265,-4128,0,70,0,2,0,298,364,11559,49,2023-07-03 04:00:00 UTC,2023-07-03,06:00:00
individuo 2,PP,45,301,298,0,41215,17,50,288,-4129,0,69,0,0,0,307,363,11403,49,2023-07-05 08:00:00 UTC,2023-07-05,10:00:00
individuo 2,PP,45,305,309,0,40962,17,50,265,-4128,0,71,0,1,0,304,372,11565,49,2023-07-01 01:00:00 UTC,2023-07-01,03:00:00
individuo 2,PP,45,305,309,0,41221,17,46,269,-4129,0,74,0,5,0,303,370,11581,49,2023-07-07 23:00:00 UTC,2023-07-08,01:00:00
individuo 2,PP,45,306,304,0,41102,17,48,293,-4130,0,68,0,0,0,311,368,11376,49,2023-07-06 08:00:00 UTC,2023-07-06,10:00:00
individuo 2,PP,45,306,309,0,41090,17,51,271,-4129,0,69,0,1,0,302,368,11526,49,2023-07-02 02:00:00 UTC,2023-07-02,04:00:00
individuo 2,PP,45,307,311,0,41218,17,51,273,-4128,0,69,0,1,0,307,373,11506,49,2023-07-03 03:00:00 UTC,2023-07-03,05:00:00
individuo 2,PP,45,308,309,0,41090,17,53,283,-4129,0,68,0,0,0,311,374,11388,49,2023-07-02 07:00:00 UTC,2023-07-02,09:00:00
individuo 2,PP,45,309,314,0,41218,17,50,273,-4129,0,70,0,3,0,307,372,11498,49,2023-07-04 02:00:00 UTC,2023-07-04,04:00:00
individuo 2,PP,45,311,309,0,41108,17,49,296,-4130,0,71,0,2,0,313,371,11360,49,2023-07-07 08:00:00 UTC,2023-07-07,10:00:00
individuo 2,PP,45,311,313,0,41091,17,53,288,-4130,0,69,0,0,0,312,375,11399,49,2023-07-03 07:00:00 UTC,2023-07-03,09:00:00
individuo 2,PP,45,312,312,0,41091,17,54,291,-4130,0,70,0,4,0,315,374,11339,49,2023-07-04 08:00:00 UTC,2023-07-04,10:00:00
individuo 2,PP,45,312,318,0,41218,17,45,275,-4129,0,70,0,1,0,310,381,11553,49,2023-07-06 00:00:00 UTC,2023-07-06,02:00:00
individuo 2,PP,45,314,310,0,41091,17,50,299,-4131,0,69,0,2,0,317,374,11351,49,2023-07-08 09:00:01 UTC,2023-07-08,11:00:01
individuo 2,PP,45,314,312,0,40907,17,53,294,-4130,0,68,0,0,0,314,372,11325,49,2023-07-01 08:00:00 UTC,2023-07-01,10:00:00
individuo 2,PP,45,314,318,0,41218,17,50,279,-4129,0,69,0,1,0,314,380,11438,49,2023-07-03 02:00:00 UTC,2023-07-03,04:00:00
individuo 2,PP,45,314,322,0,41218,17,45,276,-4129,0,70,0,0,0,312,385,11595,49,2023-07-06 22:00:00 UTC,2023-07-07,00:00:00
individuo 2,PP,45,315,319,0,40962,17,50,276,-4129,0,69,0,1,0,313,377,11483,49,2023-07-01 00:00:00 UTC,2023-07-01,02:00:00
individuo 2,PP,45,315,319,0,41090,17,51,279,-4130,0,69,0,1,0,315,381,11423,49,2023-07-02 01:00:00 UTC,2023-07-02,03:00:00
individuo 2,PP,45,318,325,0,41218,17,50,281,-4130,0,69,0,0,0,318,385,11436,49,2023-07-04 01:00:00 UTC,2023-07-04,03:00:00
individuo 2,PP,45,319,323,0,41218,17,45,284,-4130,0,72,0,5,0,317,382,11487,49,2023-07-07 22:00:00 UTC,2023-07-08,00:00:00
individuo 2,PP,45,324,321,0,41090,17,49,311,-4132,0,68,0,-1,0,331,385,11249,49,2023-07-06 09:00:00 UTC,2023-07-06,11:00:00
individuo 2,PP,45,324,329,0,41218,17,45,288,-4130,0,70,0,2,0,322,388,11451,49,2023-07-05 23:00:00 UTC,2023-07-06,01:00:00
individuo 2,PP,45,324,332,0,41218,17,45,281,-4130,0,69,0,1,0,323,395,11507,49,2023-07-06 21:00:00 UTC,2023-07-06,23:00:00
individuo 2,PP,45,325,323,0,41090,17,49,310,-4132,0,69,0,5,0,330,387,11266,49,2023-07-07 09:00:00 UTC,2023-07-07,11:00:00
individuo 2,PP,45,325,329,0,40978,17,50,288,-4130,0,69,0,1,0,324,391,11379,49,2023-07-02 00:00:00 UTC,2023-07-02,02:00:00
individuo 2,PP,45,325,329,0,41218,17,48,289,-4130,0,71,0,2,0,323,389,11415,49,2023-07-04 23:00:00 UTC,2023-07-05,01:00:00
individuo 2,PP,45,326,320,0,41090,17,50,316,-4132,0,69,0,0,0,331,387,11173,49,2023-07-05 09:00:00 UTC,2023-07-05,11:00:00
individuo 2,PP,45,326,326,0,41090,17,53,306,-4131,0,69,0,0,0,330,389,11206,49,2023-07-03 08:00:00 UTC,2023-07-03,10:00:00
individuo 2,PP,45,327,325,0,40962,17,53,312,-4133,0,70,0,0,0,327,384,11259,49,2023-07-02 08:00:00 UTC,2023-07-02,10:00:00
individuo 2,PP,45,328,331,0,41090,17,50,293,-4131,0,68,0,1,0,323,390,11372,49,2023-07-03 01:00:00 UTC,2023-07-03,03:00:00
individuo 2,PP,45,329,332,0,40894,17,49,290,-4131,0,70,0,4,0,327,393,11377,49,2023-06-30 23:00:00 UTC,2023-07-01,01:00:00
individuo 2,PP,45,330,328,0,41090,17,54,310,-4133,0,69,0,4,0,332,390,11180,49,2023-07-04 09:00:00 UTC,2023-07-04,11:00:00
individuo 2,PP,45,330,335,0,41218,17,50,295,-4131,0,69,0,1,0,329,399,11406,49,2023-07-04 00:00:00 UTC,2023-07-04,02:00:00
individuo 2,PP,45,331,328,0,41090,17,50,316,-4132,0,70,0,0,0,333,392,11184,49,2023-07-08 10:00:00 UTC,2023-07-08,12:00:00
individuo 2,PP,45,331,329,0,40834,17,53,314,-4132,0,68,0,0,0,338,395,11187,49,2023-07-01 09:00:00 UTC,2023-07-01,11:00:00
individuo 2,PP,45,331,335,0,41212,17,45,297,-4131,0,70,0,4,0,329,395,11388,49,2023-07-07 21:00:00 UTC,2023-07-07,23:00:00
individuo 2,PP,45,331,338,0,41090,17,49,289,-4131,0,68,0,0,0,331,401,11369,49,2023-07-02 23:00:01 UTC,2023-07-03,01:00:01
individuo 2,PP,45,332,339,0,41218,17,45,292,-4131,0,69,0,1,0,330,404,11488,49,2023-07-08 21:00:00 UTC,2023-07-08,23:00:00
individuo 2,PP,45,334,338,0,40962,17,50,299,-4132,0,69,0,2,0,333,399,11347,49,2023-07-01 23:00:00 UTC,2023-07-02,01:00:00
individuo 2,PP,45,337,340,0,41090,17,49,303,-4131,0,68,0,1,0,336,401,11280,49,2023-07-03 00:00:00 UTC,2023-07-03,02:00:00
individuo 2,PP,45,337,341,0,41151,17,47,301,-4132,0,69,0,2,0,334,401,11361,49,2023-07-04 22:00:00 UTC,2023-07-05,00:00:00
individuo 2,PP,45,338,345,0,40962,17,49,298,-4131,0,68,0,0,0,334,404,11359,49,2023-07-01 22:00:00 UTC,2023-07-02,00:00:00
individuo 2,PP,45,339,342,0,40834,17,49,300,-4132,0,68,0,1,0,339,404,11293,49,2023-06-30 22:00:00 UTC,2023-07-01,00:00:00
individuo 2,PP,45,340,339,0,41013,17,53,320,-4133,0,68,0,1,0,344,402,11112,49,2023-07-03 09:00:00 UTC,2023-07-03,11:00:00
individuo 2,PP,45,340,344,0,41091,17,45,304,-4132,0,69,0,3,0,337,404,11369,49,2023-07-05 22:00:00 UTC,2023-07-06,00:00:00
individuo 2,PP,45,342,339,0,40962,17,54,328,-4134,0,68,0,1,0,343,401,11122,49,2023-07-02 09:00:00 UTC,2023-07-02,11:00:00
individuo 2,PP,45,343,342,0,41073,17,48,324,-4134,0,70,0,3,0,350,409,11089,49,2023-07-07 10:00:00 UTC,2023-07-07,12:00:00
individuo 2,PP,45,343,348,0,41091,17,49,308,-4132,0,68,0,2,0,342,407,11268,49,2023-07-03 23:00:00 UTC,2023-07-04,01:00:00
individuo 2,PP,45,343,350,0,40962,17,49,301,-4132,0,67,0,0,0,342,415,11377,49,2023-07-01 21:00:00 UTC,2023-07-01,23:00:00
individuo 2,PP,45,344,344,0,40834,17,53,322,-4133,0,69,0,0,0,355,412,11049,49,2023-07-01 10:00:00 UTC,2023-07-01,12:00:00
individuo 2,PP,45,344,347,0,41090,17,46,310,-4132,0,71,0,7,0,342,406,11324,49,2023-07-07 20:00:00 UTC,2023-07-07,22:00:00
individuo 2,PP,45,345,342,0,40963,17,49,330,-4134,0,70,0,-3,0,349,408,11088,49,2023-07-06 10:00:00 UTC,2023-07-06,12:00:00
individuo 2,PP,45,349,347,0,41089,17,54,327,-4134,0,69,0,1,0,353,412,11067,49,2023-07-04 10:00:00 UTC,2023-07-04,12:00:00
individuo 2,PP,45,352,361,0,41090,17,48,317,-4134,0,69,0,0,0,350,418,11219,49,2023-07-04 20:00:00 UTC,2023-07-04,22:00:00
individuo 2,PP,45,353,347,0,40962,17,50,341,-4134,0,68,0,-1,0,356,410,11032,49,2023-07-05 10:00:00 UTC,2023-07-05,12:00:00
individuo 2,PP,45,353,357,0,41090,17,45,320,-4133,0,68,0,1,0,347,415,11356,49,2023-07-06 20:00:00 UTC,2023-07-06,22:00:00
individuo 2,PP,45,353,358,0,41090,17,45,324,-4134,0,68,0,1,0,347,418,11387,49,2023-07-08 20:00:00 UTC,2023-07-08,22:00:00
individuo 2,PP,45,355,358,0,41090,17,47,322,-4133,0,68,0,2,0,350,417,11261,49,2023-07-04 21:00:00 UTC,2023-07-04,23:00:00
individuo 2,PP,45,355,360,0,41006,17,49,321,-4133,0,67,0,1,0,351,418,11265,49,2023-07-02 22:00:01 UTC,2023-07-03,00:00:01
individuo 2,PP,45,356,356,0,40962,17,53,337,-4135,0,67,0,2,0,364,423,10969,49,2023-07-03 10:00:00 UTC,2023-07-03,12:00:00
individuo 2,PP,45,356,360,0,41090,17,45,323,-4134,0,70,0,4,0,353,418,11255,49,2023-07-05 21:00:00 UTC,2023-07-05,23:00:00
individuo 2,PP,45,357,355,0,40960,17,54,336,-4134,0,67,0,0,0,360,420,10997,49,2023-07-02 10:00:00 UTC,2023-07-02,12:00:00
individuo 2,PP,45,357,360,0,41090,17,49,322,-4134,0,70,0,10,0,355,420,11198,49,2023-07-03 22:00:00 UTC,2023-07-04,00:00:00
individuo 2,PP,45,360,369,0,40962,17,49,323,-4134,0,67,0,0,0,366,433,11153,49,2023-07-02 20:00:00 UTC,2023-07-02,22:00:00
individuo 2,PP,45,361,364,0,41090,17,46,329,-4134,1,71,1,8,1,359,422,11195,49,2023-07-07 19:00:00 UTC,2023-07-07,21:00:00
individuo 2,PP,45,362,370,0,40957,17,49,322,-4134,0,66,0,0,0,358,431,11262,49,2023-07-01 20:00:00 UTC,2023-07-01,22:00:00
individuo 2,PP,45,367,370,0,40962,17,49,332,-4134,0,67,0,1,0,364,428,11136,49,2023-07-02 21:00:00 UTC,2023-07-02,23:00:00
individuo 2,PP,45,368,372,0,41090,17,49,334,-4135,0,68,0,3,0,367,430,11115,49,2023-07-03 21:00:00 UTC,2023-07-03,23:00:00
individuo 2,PP,45,369,368,0,40962,17,48,338,-4135,0,71,0,8,0,370,426,10985,49,2023-07-07 11:00:00 UTC,2023-07-07,13:00:00
individuo 2,PP,45,372,370,0,40962,17,50,352,-4136,0,66,0,2,0,382,437,10901,49,2023-07-08 12:00:00 UTC,2023-07-08,14:00:00
individuo 2,PP,45,372,375,0,40971,17,46,339,-4135,0,68,0,2,0,369,433,11132,49,2023-07-05 20:00:00 UTC,2023-07-05,22:00:00
individuo 2,PP,45,373,369,0,40962,17,49,334,-4134,0,65,0,3,0,368,423,11069,49,2023-07-08 11:00:00 UTC,2023-07-08,13:00:00
individuo 2,PP,45,374,374,0,40962,17,53,344,-4136,0,71,0,5,0,379,433,10912,49,2023-07-04 11:00:00 UTC,2023-07-04,13:00:00
individuo 2,PP,45,378,377,0,40962,17,48,356,-4136,0,70,0,7,0,378,435,10920,49,2023-07-07 12:00:00 UTC,2023-07-07,14:00:00
individuo 2,PP,45,379,378,0,40827,17,53,342,-4135,0,66,0,0,0,374,428,10998,49,2023-07-01 11:00:00 UTC,2023-07-01,13:00:00
individuo 2,PP,45,380,383,0,40962,17,46,351,-4136,0,68,0,4,0,375,441,11054,49,2023-07-06 19:00:00 UTC,2023-07-06,21:00:00
individuo 2,PP,45,382,383,0,40962,17,45,354,-4136,0,67,0,2,0,379,442,11057,49,2023-07-08 19:00:00 UTC,2023-07-08,21:00:00
individuo 2,PP,45,382,384,0,40962,17,49,349,-4136,0,68,0,4,0,380,442,11017,49,2023-07-03 20:00:00 UTC,2023-07-03,22:00:00
individuo 2,PP,45,384,380,0,40962,17,49,351,-4136,0,69,0,-1,0,385,440,10914,49,2023-07-06 11:00:00 UTC,2023-07-06,13:00:00
individuo 2,PP,45,385,383,0,40962,17,49,359,-4137,0,69,0,-3,0,397,453,10799,49,2023-07-06 12:00:00 UTC,2023-07-06,14:00:00
individuo 2,PP,45,387,387,0,40962,17,48,365,-4137,0,67,0,11,0,387,446,10889,49,2023-07-07 14:00:00 UTC,2023-07-07,16:00:00
individuo 2,PP,45,389,388,0,40834,17,53,357,-4136,0,66,0,1,0,392,445,10822,49,2023-07-02 11:00:00 UTC,2023-07-02,13:00:00
individuo 2,PP,45,390,388,0,40962,17,53,358,-4137,0,69,0,1,0,387,442,10849,49,2023-07-03 11:00:00 UTC,2023-07-03,13:00:00
individuo 2,PP,45,390,390,0,40962,17,53,365,-4138,0,68,0,4,0,394,450,10800,49,2023-07-04 12:00:00 UTC,2023-07-04,14:00:00
individuo 2,PP,45,390,391,0,40962,17,46,360,-4137,0,69,0,5,0,387,450,10959,49,2023-07-05 19:00:00 UTC,2023-07-05,21:00:00
individuo 2,PP,45,390,393,0,40962,17,47,365,-4137,0,74,0,14,0,389,449,10898,49,2023-07-07 17:00:00 UTC,2023-07-07,19:00:00
individuo 2,PP,45,391,391,0,40706,17,53,360,-4136,0,67,0,0,0,390,444,10852,49,2023-07-01 12:00:00 UTC,2023-07-01,14:00:00
individuo 2,PP,45,392,387,0,40956,17,50,363,-4136,0,67,0,0,0,401,455,10757,49,2023-07-05 11:00:00 UTC,2023-07-05,13:00:00
individuo 2,PP,45,392,389,0,40962,17,47,361,-4137,0,68,0,5,0,384,445,11005,49,2023-07-07 18:00:00 UTC,2023-07-07,20:00:00
individuo 2,PP,45,392,396,0,40834,17,50,365,-4137,0,64,0,0,0,389,455,10959,49,2023-07-01 19:00:00 UTC,2023-07-01,21:00:00
individuo 2,PP,45,394,396,0,40962,17,48,368,-4138,0,66,0,2,0,391,454,10929,49,2023-07-04 19:00:00 UTC,2023-07-04,21:00:00
individuo 2,PP,45,395,394,0,40962,17,47,367,-4138,0,69,0,11,0,396,453,10858,49,2023-07-07 16:00:00 UTC,2023-07-07,18:00:00
individuo 2,PP,45,397,394,0,40834,17,50,381,-4138,0,66,0,1,0,399,454,10808,49,2023-07-05 12:00:00 UTC,2023-07-05,14:00:00
individuo 2,PP,45,399,401,0,40961,17,53,374,-4138,0,67,0,2,0,403,459,10735,49,2023-07-03 12:00:00 UTC,2023-07-03,14:00:00
individuo 2,PP,45,399,401,0,40962,17,49,371,-4138,0,67,0,6,0,397,459,10865,49,2023-07-03 19:00:00 UTC,2023-07-03,21:00:00
individuo 2,PP,45,400,399,0,40834,17,48,387,-4139,0,66,0,2,0,401,461,10791,49,2023-07-08 14:00:00 UTC,2023-07-08,16:00:00
individuo 2,PP,45,401,401,0,40834,17,48,384,-4139,0,65,0,4,0,402,462,10776,49,2023-07-06 14:00:00 UTC,2023-07-06,16:00:00
individuo 2,PP,45,401,404,0,40834,17,49,374,-4138,0,65,0,1,0,396,462,10910,49,2023-07-02 19:00:00 UTC,2023-07-02,21:00:00
individuo 2,PP,45,403,402,0,40834,17,53,378,-4138,0,66,0,1,0,404,461,10730,49,2023-07-02 12:00:00 UTC,2023-07-02,14:00:00
individuo 2,PP,45,405,405,0,40706,17,52,382,-4139,0,64,0,2,0,405,465,10721,49,2023-07-01 14:00:00 UTC,2023-07-01,16:00:00
individuo 2,PP,45,406,406,0,40853,17,47,382,-4139,0,67,0,4,0,408,467,10760,49,2023-07-08 16:00:00 UTC,2023-07-08,18:00:00
individuo 2,PP,45,407,406,0,40929,17,47,380,-4139,0,66,0,2,0,410,469,10742,49,2023-07-06 16:00:00 UTC,2023-07-06,18:00:00
individuo 2,PP,45,407,408,0,40920,17,47,381,-4139,0,64,0,6,0,406,467,10764,49,2023-07-06 17:00:00 UTC,2023-07-06,19:00:00
individuo 2,PP,45,408,406,0,40879,17,47,382,-4139,0,67,0,9,0,400,463,10843,49,2023-07-06 18:00:00 UTC,2023-07-06,20:00:00
individuo 2,PP,45,408,407,0,40834,17,52,389,-4139,0,67,0,0,0,406,463,10743,49,2023-07-04 14:00:00 UTC,2023-07-04,16:00:00
individuo 2,PP,45,409,408,0,40835,17,50,380,-4139,0,70,0,12,0,393,453,10905,49,2023-07-07 15:00:00 UTC,2023-07-07,17:00:00
individuo 2,PP,45,409,410,0,40834,17,48,391,-4139,0,65,0,3,0,413,473,10743,49,2023-07-05 16:00:00 UTC,2023-07-05,18:00:00
individuo 2,PP,45,409,411,0,40835,17,46,386,-4139,0,68,0,3,0,404,466,10790,49,2023-07-08 17:00:00 UTC,2023-07-08,19:00:00
individuo 2,PP,45,409,411,0,40835,17,48,383,-4139,0,68,0,6,0,410,470,10737,49,2023-07-05 17:00:00 UTC,2023-07-05,19:00:00
individuo 2,PP,45,410,407,0,40837,17,46,385,-4139,0,67,0,4,0,402,466,10865,49,2023-07-08 18:00:01 UTC,2023-07-08,20:00:01
individuo 2,PP,45,410,411,0,40706,17,51,386,-4139,0,65,0,1,0,415,476,10706,49,2023-07-01 16:00:00 UTC,2023-07-01,18:00:00
individuo 2,PP,45,411,402,0,40962,17,49,369,-4138,0,67,0,3,0,410,463,10804,49,2023-07-07 13:00:00 UTC,2023-07-07,15:00:00
individuo 2,PP,45,414,413,0,40834,17,50,389,-4140,0,69,0,6,0,416,474,10680,49,2023-07-04 16:00:00 UTC,2023-07-04,18:00:00
individuo 2,PP,45,415,412,0,40834,17,47,387,-4140,0,69,0,8,0,407,469,10800,49,2023-07-05 18:00:00 UTC,2023-07-05,20:00:00
individuo 2,PP,45,415,413,0,40834,17,49,391,-4140,0,66,0,3,0,418,477,10653,49,2023-07-05 14:00:00 UTC,2023-07-05,16:00:00
individuo 2,PP,45,415,417,0,40706,17,51,393,-4140,0,63,0,1,0,416,476,10643,49,2023-07-01 17:00:00 UTC,2023-07-01,19:00:00
individuo 2,PP,45,418,417,0,40834,17,52,398,-4140,0,66,0,3,0,420,477,10619,49,2023-07-03 14:00:00 UTC,2023-07-03,16:00:00
individuo 2,PP,45,418,418,0,40709,17,53,398,-4140,0,64,0,2,0,419,478,10621,49,2023-07-02 14:00:00 UTC,2023-07-02,16:00:00
individuo 2,PP,45,418,418,0,40834,17,50,394,-4140,0,67,0,6,0,416,476,10676,49,2023-07-04 17:00:00 UTC,2023-07-04,19:00:00
individuo 2,PP,45,420,418,0,40834,17,49,396,-4140,0,65,0,4,0,412,473,10710,49,2023-07-05 15:00:00 UTC,2023-07-05,17:00:00
individuo 2,PP,45,422,421,0,40834,17,50,398,-4140,0,66,0,4,0,413,476,10721,49,2023-07-04 18:00:00 UTC,2023-07-04,20:00:00
individuo 2,PP,45,423,411,0,40834,17,50,381,-4138,0,63,0,1,0,428,478,10626,49,2023-07-08 13:00:00 UTC,2023-07-08,15:00:00
individuo 2,PP,45,423,417,0,40834,17,49,387,-4140,0,67,0,4,0,423,476,10672,49,2023-07-06 13:00:00 UTC,2023-07-06,15:00:00
individuo 2,PP,45,424,423,0,40834,17,51,401,-4140,0,65,0,3,0,426,485,10571,49,2023-07-03 16:00:00 UTC,2023-07-03,18:00:00
individuo 2,PP,45,425,423,0,40834,17,51,399,-4141,0,65,0,4,0,418,481,10722,49,2023-07-03 18:00:00 UTC,2023-07-03,20:00:00
individuo 2,PP,45,425,425,0,40748,17,52,401,-4140,0,65,0,0,0,425,483,10636,49,2023-07-02 16:00:00 UTC,2023-07-02,18:00:00
individuo 2,PP,45,425,426,0,40834,17,51,400,-4140,0,69,0,11,0,423,483,10605,49,2023-07-03 17:00:00 UTC,2023-07-03,19:00:00
individuo 2,PP,45,427,423,0,40704,17,51,408,-4141,0,62,0,-1,0,418,480,10715,49,2023-07-01 18:00:00 UTC,2023-07-01,20:00:00
individuo 2,PP,45,427,424,0,40834,17,50,397,-4141,0,64,0,3,0,407,467,10786,49,2023-07-08 15:00:00 UTC,2023-07-08,17:00:00
individuo 2,PP,45,427,430,0,40717,17,51,405,-4140,0,64,0,1,0,426,485,10599,49,2023-07-02 17:00:00 UTC,2023-07-02,19:00:00
individuo 2,PP,45,428,423,0,40706,17,54,380,-4138,0,66,0,0,0,426,481,10636,49,2023-07-01 13:00:01 UTC,2023-07-01,15:00:01
individuo 2,PP,45,429,428,0,40746,17,51,405,-4141,0,65,0,2,0,423,484,10659,49,2023-07-02 18:00:00 UTC,2023-07-02,20:00:00
individuo 2,PP,45,432,423,0,40834,17,53,387,-4139,0,70,0,0,0,428,479,10625,49,2023-07-04 13:00:01 UTC,2023-07-04,15:00:01
individuo 2,PP,45,437,434,0,40834,17,54,406,-4142,0,65,0,3,0,420,480,10647,49,2023-07-04 15:00:00 UTC,2023-07-04,17:00:00
individuo 2,PP,45,437,435,0,40834,17,51,399,-4141,0,63,0,4,0,412,472,10776,49,2023-07-06 15:00:00 UTC,2023-07-06,17:00:00
individuo 2,PP,45,439,432,0,40834,17,54,396,-4140,0,65,0,3,0,434,485,10588,49,2023-07-03 13:00:00 UTC,2023-07-03,15:00:00
individuo 2,PP,45,441,433,0,40707,17,54,397,-4140,0,65,0,3,0,438,492,10480,49,2023-07-02 13:00:00 UTC,2023-07-02,15:00:00
individuo 2,PP,45,444,432,0,40834,17,51,404,-4141,0,64,0,1,0,452,499,10462,49,2023-07-05 13:00:00 UTC,2023-07-05,15:00:00
individuo 2,PP,45,445,444,0,40820,17,54,416,-4142,0,69,0,0,0,437,495,10559,49,2023-07-03 15:00:00 UTC,2023-07-03,17:00:00
individuo 2,PP,45,448,445,0,40578,17,56,409,-4143,0,62,0,-1,0,425,485,10693,49,2023-07-01 15:00:00 UTC,2023-07-01,17:00:00
individuo 2,PP,45,463,462,0,40706,17,56,419,-4143,0,64,0,0,0,446,505,10552,49,2023-07-02 15:00:00 UTC,2023-07-02,17:00:00
individuo 3,PP,45,239,236,0,41986,17,45,185,-4113,0,-17,0,-145,0,235,295,13241,49,2023-07-05 05:00:00 UTC,2023-07-05,07:00:00
individuo 3,PP,45,243,241,0,41986,17,44,193,-4113,0,-15,0,-146,0,240,299,13160,49,2023-07-08 05:00:00 UTC,2023-07-08,07:00:00
individuo 3,PP,45,248,244,0,41986,17,45,192,-4113,0,-16,0,-146,0,245,306,13204,49,2023-07-05 04:00:00 UTC,2023-07-05,06:00:00
individuo 3,PP,45,251,247,0,41986,17,43,198,-4113,0,-16,0,-147,0,249,310,13145,49,2023-07-06 05:00:00 UTC,2023-07-06,07:00:00
individuo 3,PP,45,252,249,0,41986,17,43,200,-4113,0,-14,0,-146,0,249,312,13151,49,2023-07-08 04:00:00 UTC,2023-07-08,06:00:00
individuo 3,PP,45,261,256,0,41986,17,44,203,-4113,0,-15,0,-147,0,260,323,13090,49,2023-07-05 03:00:00 UTC,2023-07-05,05:00:00
individuo 3,PP,45,261,258,0,41986,17,42,208,-4113,0,-15,0,-148,0,257,317,13131,49,2023-07-06 04:00:01 UTC,2023-07-06,06:00:01
individuo 3,PP,45,261,258,0,41986,17,43,215,-4113,0,-14,0,-148,0,259,322,12995,49,2023-07-07 05:00:00 UTC,2023-07-07,07:00:00
individuo 3,PP,45,266,263,0,41730,17,47,213,-4113,0,-17,0,-149,0,265,327,12964,49,2023-07-01 05:00:00 UTC,2023-07-01,07:00:00
individuo 3,PP,45,266,263,0,41986,17,43,219,-4113,0,-13,0,-148,0,261,322,13052,49,2023-07-08 03:00:00 UTC,2023-07-08,05:00:00
individuo 3,PP,45,271,266,0,41978,17,42,216,-4113,0,-14,0,-149,0,268,330,13063,49,2023-07-06 03:00:00 UTC,2023-07-06,05:00:00
individuo 3,PP,45,273,268,0,41936,17,44,216,-4113,0,-14,0,-148,0,270,332,13086,49,2023-07-05 02:00:00 UTC,2023-07-05,04:00:00
individuo 3,PP,45,280,278,0,41730,17,48,229,-4113,0,-15,0,-150,0,278,342,12877,49,2023-07-02 05:00:00 UTC,2023-07-02,07:00:00
individuo 3,PP,45,280,279,0,41858,17,43,241,-4113,0,-13,0,-150,0,275,340,12918,49,2023-07-07 04:00:00 UTC,2023-07-07,06:00:00
individuo 3,PP,45,281,278,0,41858,17,45,232,-4113,0,-12,0,-148,0,296,360,12631,49,2023-07-08 06:00:00 UTC,2023-07-08,08:00:00
individuo 3,PP,45,281,279,0,41602,17,47,229,-4113,0,-15,0,-151,0,278,342,12920,49,2023-07-01 04:00:00 UTC,2023-07-01,06:00:00
individuo 3,PP,45,282,280,0,41858,17,46,231,-4113,0,-13,0,-150,0,294,356,12647,49,2023-07-05 06:00:00 UTC,2023-07-05,08:00:00
individuo 3,PP,45,282,280,0,41858,17,47,234,-4113,0,-14,0,-150,0,280,344,12853,49,2023-07-04 05:00:00 UTC,2023-07-04,07:00:00
individuo 3,PP,45,283,279,0,41858,17,42,226,-4113,0,-13,0,-150,0,281,341,12971,49,2023-07-06 02:00:00 UTC,2023-07-06,04:00:00
individuo 3,PP,45,283,280,0,41858,17,43,238,-4113,0,-10,0,-150,0,280,345,12869,49,2023-07-08 02:00:00 UTC,2023-07-08,04:00:00
individuo 3,PP,45,284,279,0,41858,17,44,226,-4113,0,-14,0,-149,0,281,339,12977,49,2023-07-05 01:00:00 UTC,2023-07-05,03:00:00
individuo 3,PP,45,287,284,0,41858,17,44,234,-4113,0,-14,0,-150,0,300,363,12629,49,2023-07-06 06:00:00 UTC,2023-07-06,08:00:00
individuo 3,PP,45,287,286,0,41858,17,43,248,-4113,0,-12,0,-151,0,287,350,12764,49,2023-07-07 03:00:00 UTC,2023-07-07,05:00:00
individuo 3,PP,45,291,288,0,41730,17,47,244,-4113,0,-14,0,-152,0,288,349,12794,49,2023-07-02 04:00:00 UTC,2023-07-02,06:00:00
individuo 3,PP,45,292,290,0,41858,17,42,250,-4113,0,-12,0,-151,0,291,354,12773,49,2023-07-07 02:00:00 UTC,2023-07-07,04:00:00
individuo 3,PP,45,293,290,0,41858,17,42,244,-4113,0,-12,0,-150,0,291,352,12808,49,2023-07-07 01:00:00 UTC,2023-07-07,03:00:00
individuo 3,PP,45,293,290,0,41858,17,42,247,-4113,0,-9,0,-150,0,291,353,12801,49,2023-07-08 01:00:00 UTC,2023-07-08,03:00:00
individuo 3,PP,45,293,291,0,41602,17,48,245,-4113,0,-14,0,-151,0,303,363,12559,49,2023-07-01 06:00:00 UTC,2023-07-01,08:00:00
individuo 3,PP,45,295,293,0,41602,17,47,245,-4113,0,-14,0,-152,0,293,357,12776,49,2023-07-01 03:00:00 UTC,2023-07-01,05:00:00
individuo 3,PP,45,298,294,0,41858,17,42,246,-4113,0,-12,0,-151,0,297,360,12852,49,2023-07-07 00:00:00 UTC,2023-07-07,02:00:00
individuo 3,PP,45,299,297,0,41858,17,44,255,-4113,0,-11,0,-151,0,314,378,12466,49,2023-07-07 06:00:00 UTC,2023-07-07,08:00:00
individuo 3,PP,45,299,297,0,41858,17,47,252,-4113,0,-11,0,-151,0,298,362,12738,49,2023-07-04 04:00:00 UTC,2023-07-04,06:00:00
individuo 3,PP,45,300,297,0,41730,17,47,254,-4113,0,-13,0,-152,0,300,363,12714,49,2023-07-02 03:00:00 UTC,2023-07-02,05:00:00
individuo 3,PP,45,300,298,0,41810,17,47,258,-4113,0,-13,0,-152,0,297,358,12720,49,2023-07-03 05:00:01 UTC,2023-07-03,07:00:01
individuo 3,PP,45,304,302,0,41858,17,42,259,-4113,0,-8,0,-151,0,302,364,12718,49,2023-07-08 00:00:00 UTC,2023-07-08,02:00:00
individuo 3,PP,45,306,303,0,41858,17,42,259,-4113,0,-11,0,-153,0,299,358,12828,49,2023-07-06 01:00:00 UTC,2023-07-06,03:00:00
individuo 3,PP,45,306,304,0,41602,17,46,258,-4113,0,-12,0,-153,0,304,365,12679,49,2023-07-01 02:00:01 UTC,2023-07-01,04:00:01
individuo 3,PP,45,306,304,0,41608,17,49,260,-4113,0,-14,0,-152,0,316,378,12455,49,2023-07-02 06:00:00 UTC,2023-07-02,08:00:00
individuo 3,PP,45,309,307,0,41730,17,47,267,-4113,0,-11,0,-154,0,308,371,12622,49,2023-07-03 04:00:00 UTC,2023-07-03,06:00:00
individuo 3,PP,45,310,307,0,41858,17,42,257,-4113,0,-11,0,-152,0,309,371,12756,49,2023-07-06 23:00:00 UTC,2023-07-07,01:00:00
individuo 3,PP,45,310,307,0,41858,17,46,263,-4113,0,-11,0,-152,0,308,370,12627,49,2023-07-04 03:00:00 UTC,2023-07-04,05:00:00
individuo 3,PP,45,311,309,0,41857,17,44,263,-4113,0,-11,0,-153,0,306,368,12857,49,2023-07-05 00:00:00 UTC,2023-07-05,02:00:00
individuo 3,PP,45,315,312,0,41834,17,42,271,-4113,0,-4,0,-154,0,313,375,12668,49,2023-07-07 23:00:00 UTC,2023-07-08,01:00:00
individuo 3,PP,45,316,313,0,41497,17,46,266,-4113,0,-11,0,-154,0,314,376,12624,49,2023-07-01 01:00:00 UTC,2023-07-01,03:00:00
individuo 3,PP,45,316,314,0,41602,17,47,272,-4113,0,-11,0,-154,0,313,376,12612,49,2023-07-02 02:00:00 UTC,2023-07-02,04:00:00
individuo 3,PP,45,317,316,0,41730,17,46,274,-4113,0,-11,0,-154,0,316,378,12547,49,2023-07-03 03:00:00 UTC,2023-07-03,05:00:00
individuo 3,PP,45,318,316,0,41730,17,48,273,-4113,0,-12,0,-154,0,324,388,12398,49,2023-07-03 06:00:00 UTC,2023-07-03,08:00:00
individuo 3,PP,45,319,317,0,41795,17,48,267,-4113,0,-11,0,-152,0,335,396,12302,49,2023-07-04 06:00:00 UTC,2023-07-04,08:00:00
individuo 3,PP,45,320,317,0,41731,17,46,275,-4113,0,-8,0,-153,0,318,379,12585,49,2023-07-04 02:00:00 UTC,2023-07-04,04:00:00
individuo 3,PP,45,322,320,0,41730,17,42,274,-4113,0,-10,0,-154,0,322,385,12640,49,2023-07-06 22:00:00 UTC,2023-07-07,00:00:00
individuo 3,PP,45,323,321,0,41730,17,42,277,-4113,0,-10,0,-154,0,321,384,12620,49,2023-07-06 00:00:00 UTC,2023-07-06,02:00:00
individuo 3,PP,45,324,322,0,41602,17,47,280,-4113,0,-11,0,-155,0,323,384,12516,49,2023-07-02 01:00:00 UTC,2023-07-02,03:00:00
individuo 3,PP,45,324,322,0,41730,17,46,280,-4113,0,-11,0,-154,0,323,385,12504,49,2023-07-03 02:00:01 UTC,2023-07-03,04:00:01
individuo 3,PP,45,325,326,0,41602,17,46,307,-4113,0,-11,0,-156,0,325,387,12414,49,2023-07-05 07:00:00 UTC,2023-07-05,09:00:00
individuo 3,PP,45,326,323,0,41474,17,46,278,-4113,0,-10,0,-154,0,324,387,12534,49,2023-07-01 00:00:00 UTC,2023-07-01,02:00:00
individuo 3,PP,45,326,326,0,41602,17,45,316,-4113,0,-9,0,-159,0,337,401,12348,49,2023-07-08 07:00:00 UTC,2023-07-08,09:00:00
individuo 3,PP,45,328,325,0,41730,17,42,285,-4113,0,-4,0,-154,0,325,387,12532,49,2023-07-07 22:00:00 UTC,2023-07-08,00:00:00
individuo 3,PP,45,328,326,0,41730,17,46,282,-4113,0,-10,0,-155,0,328,389,12501,49,2023-07-04 01:00:00 UTC,2023-07-04,03:00:00
individuo 3,PP,45,333,330,0,41602,17,46,289,-4113,0,-9,0,-156,0,332,394,12471,49,2023-07-02 00:00:01 UTC,2023-07-02,02:00:01
individuo 3,PP,45,333,330,0,41730,17,42,280,-4113,0,-9,0,-154,0,332,395,12613,49,2023-07-06 21:00:00 UTC,2023-07-06,23:00:00
individuo 3,PP,45,335,332,0,41730,17,42,289,-4113,0,-8,0,-155,0,333,395,12534,49,2023-07-05 23:00:00 UTC,2023-07-06,01:00:00
individuo 3,PP,45,335,332,0,41730,17,44,290,-4113,0,-8,0,-155,0,333,394,12507,49,2023-07-04 23:00:00 UTC,2023-07-05,01:00:00
individuo 3,PP,45,336,333,0,41665,17,46,294,-4113,0,-10,0,-155,0,334,396,12461,49,2023-07-03 01:00:00 UTC,2023-07-03,03:00:00
individuo 3,PP,45,338,334,0,41516,17,47,321,-4113,0,-6,0,-156,0,344,396,12221,49,2023-07-08 09:00:01 UTC,2023-07-08,11:00:01
individuo 3,PP,45,338,335,0,41730,17,41,290,-4113,0,-8,0,-155,0,334,393,12584,49,2023-07-08 21:00:00 UTC,2023-07-08,23:00:00
individuo 3,PP,45,338,336,0,41474,17,46,292,-4113,0,-6,0,-156,0,336,396,12435,49,2023-06-30 23:00:00 UTC,2023-07-01,01:00:00
individuo 3,PP,45,339,336,0,41730,17,42,297,-4113,0,-5,0,-154,0,337,399,12458,49,2023-07-07 21:00:00 UTC,2023-07-07,23:00:00
individuo 3,PP,45,339,339,0,41602,17,44,324,-4113,0,-9,0,-159,0,350,412,12147,49,2023-07-06 07:00:01 UTC,2023-07-06,09:00:01
individuo 3,PP,45,340,336,0,41679,17,45,289,-4113,0,-10,0,-156,0,341,402,12460,49,2023-07-02 23:00:00 UTC,2023-07-03,01:00:00
individuo 3,PP,45,341,339,0,41730,17,45,297,-4113,0,-8,0,-155,0,340,402,12472,49,2023-07-04 00:00:00 UTC,2023-07-04,02:00:00
individuo 3,PP,45,342,339,0,41558,17,46,300,-4113,0,-8,0,-157,0,340,401,12416,49,2023-07-01 23:00:00 UTC,2023-07-02,01:00:00
individuo 3,PP,45,343,340,0,41481,17,45,297,-4113,0,-11,0,-156,0,340,401,12469,49,2023-07-01 22:00:00 UTC,2023-07-02,00:00:00
individuo 3,PP,45,344,342,0,41603,17,45,303,-4113,0,-10,0,-157,0,343,404,12374,49,2023-07-03 00:00:00 UTC,2023-07-03,02:00:00
individuo 3,PP,45,346,344,0,41730,17,44,301,-4113,0,-7,0,-156,0,343,405,12429,49,2023-07-04 22:00:00 UTC,2023-07-05,00:00:00
individuo 3,PP,45,347,333,0,41602,17,45,308,-4113,0,-12,0,-158,0,359,396,12217,49,2023-07-05 08:00:00 UTC,2023-07-05,10:00:00
individuo 3,PP,45,347,335,0,41474,17,44,310,-4113,0,-8,0,-156,0,358,401,12288,49,2023-07-08 08:00:00 UTC,2023-07-08,10:00:00
individuo 3,PP,45,348,346,0,41436,17,45,301,-4113,0,-9,0,-156,0,347,408,12376,49,2023-06-30 22:00:00 UTC,2023-07-01,00:00:00
individuo 3,PP,45,348,349,0,41511,17,47,331,-4113,0,-6,0,-160,0,349,411,12123,49,2023-07-08 10:00:00 UTC,2023-07-08,12:00:00
individuo 3,PP,45,349,346,0,41675,17,42,305,-4113,0,-6,0,-156,0,347,408,12407,49,2023-07-05 22:00:00 UTC,2023-07-06,00:00:00
individuo 3,PP,45,349,347,0,41475,17,45,299,-4113,0,-11,0,-157,0,347,411,12472,49,2023-07-01 21:00:00 UTC,2023-07-01,23:00:00
individuo 3,PP,45,350,348,0,41718,17,42,310,-4113,0,0,0,-156,0,348,408,12372,49,2023-07-07 20:00:00 UTC,2023-07-07,22:00:00
individuo 3,PP,45,351,356,0,41494,17,46,336,-4113,0,-7,0,-157,0,359,439,11862,49,2023-07-08 11:00:00 UTC,2023-07-08,13:00:00
individuo 3,PP,45,353,350,0,41675,17,45,309,-4113,0,-7,0,-157,0,351,413,12351,49,2023-07-03 23:00:00 UTC,2023-07-04,01:00:00
individuo 3,PP,45,354,354,0,41475,17,48,339,-4113,0,-6,0,-160,0,350,405,12052,49,2023-07-05 09:00:00 UTC,2023-07-05,11:00:00
individuo 3,PP,45,356,356,0,41602,17,44,327,-4113,0,-7,0,-158,0,365,426,12119,49,2023-07-07 07:00:00 UTC,2023-07-07,09:00:00
individuo 3,PP,45,359,354,0,41474,17,46,339,-4113,0,-8,0,-162,0,356,407,12165,49,2023-07-06 09:00:00 UTC,2023-07-06,11:00:00
individuo 3,PP,45,359,357,0,41602,17,44,316,-4113,0,-7,0,-158,0,359,421,12304,49,2023-07-04 20:00:01 UTC,2023-07-04,22:00:01
individuo 3,PP,45,360,358,0,41602,17,41,323,-4113,0,-7,0,-157,0,353,417,12461,49,2023-07-08 20:00:00 UTC,2023-07-08,22:00:00
individuo 3,PP,45,360,360,0,41347,17,50,329,-4113,0,-8,0,-159,0,368,431,12018,49,2023-07-02 07:00:01 UTC,2023-07-02,09:00:01
individuo 3,PP,45,361,360,0,41602,17,42,320,-4113,0,-7,0,-157,0,357,421,12400,49,2023-07-06 20:00:00 UTC,2023-07-06,22:00:00
individuo 3,PP,45,362,360,0,41602,17,44,321,-4113,0,-5,0,-156,0,357,421,12328,49,2023-07-04 21:00:00 UTC,2023-07-04,23:00:00
individuo 3,PP,45,362,360,0,41602,17,45,321,-4113,0,-8,0,-158,0,359,423,12322,49,2023-07-02 22:00:00 UTC,2023-07-03,00:00:00
individuo 3,PP,45,363,361,0,41474,17,46,321,-4113,0,-9,0,-159,0,360,423,12394,49,2023-07-01 20:00:00 UTC,2023-07-01,22:00:00
individuo 3,PP,45,363,361,0,41602,17,42,323,-4113,0,-4,0,-157,0,360,422,12323,49,2023-07-05 21:00:01 UTC,2023-07-05,23:00:01
individuo 3,PP,45,363,364,0,41474,17,48,358,-4113,0,-6,0,-161,0,363,424,11932,49,2023-07-05 10:00:00 UTC,2023-07-05,12:00:00
individuo 3,PP,45,365,362,0,41602,17,45,323,-4113,0,-5,0,-157,0,363,423,12260,49,2023-07-03 22:00:00 UTC,2023-07-04,00:00:00
individuo 3,PP,45,365,363,0,41602,17,42,330,-4113,0,0,0,-157,0,362,423,12272,49,2023-07-07 19:00:00 UTC,2023-07-07,21:00:00
individuo 3,PP,45,365,365,0,41219,17,49,324,-4113,0,-8,0,-157,0,367,431,12027,49,2023-07-01 07:00:00 UTC,2023-07-01,09:00:00
individuo 3,PP,45,366,365,0,41474,17,46,355,-4113,0,-6,0,-163,0,371,433,11904,49,2023-07-06 10:00:00 UTC,2023-07-06,12:00:00
individuo 3,PP,45,369,365,0,41602,17,45,322,-4113,0,-9,0,-158,0,371,433,12230,49,2023-07-02 20:00:00 UTC,2023-07-02,22:00:00
individuo 3,PP,45,369,369,0,41475,17,46,345,-4113,0,-3,0,-159,0,372,433,11937,49,2023-07-07 10:00:00 UTC,2023-07-07,12:00:00
individuo 3,PP,45,370,367,0,41474,17,47,342,-4113,0,-1,0,-159,0,371,426,11917,49,2023-07-07 09:00:00 UTC,2023-07-07,11:00:00
individuo 3,PP,45,370,372,0,41475,17,44,353,-4113,0,-4,0,-158,0,371,436,11977,49,2023-07-08 12:00:00 UTC,2023-07-08,14:00:00
individuo 3,PP,45,371,371,0,41598,17,50,322,-4113,0,-5,0,-159,0,378,439,12029,49,2023-07-04 07:00:00 UTC,2023-07-04,09:00:00
individuo 3,PP,45,372,370,0,41599,17,45,332,-4113,0,-8,0,-158,0,370,432,12214,49,2023-07-02 21:00:00 UTC,2023-07-02,23:00:00
individuo 3,PP,45,373,375,0,41345,17,50,346,-4113,0,-6,0,-161,0,369,428,11993,49,2023-07-01 10:00:00 UTC,2023-07-01,12:00:00
individuo 3,PP,45,373,380,0,41474,17,45,358,-4113,0,-6,0,-164,0,378,454,11861,49,2023-07-06 11:00:00 UTC,2023-07-06,13:00:00
individuo 3,PP,45,373,381,0,41475,17,45,348,-4113,0,6,0,-161,0,375,450,11829,49,2023-07-07 11:00:00 UTC,2023-07-07,13:00:00
individuo 3,PP,45,374,383,0,41352,17,46,367,-4113,0,-5,0,-162,0,379,454,11784,49,2023-07-05 11:00:00 UTC,2023-07-05,13:00:00
individuo 3,PP,45,375,372,0,41226,17,50,348,-4113,0,-7,0,-161,0,376,431,11822,49,2023-07-01 09:00:00 UTC,2023-07-01,11:00:00
individuo 3,PP,45,376,374,0,41602,17,42,339,-4113,0,-4,0,-159,0,373,435,12206,49,2023-07-05 20:00:00 UTC,2023-07-05,22:00:00
individuo 3,PP,45,376,374,0,41602,17,45,335,-4113,0,-4,0,-158,0,374,433,12177,49,2023-07-03 21:00:00 UTC,2023-07-03,23:00:00
individuo 3,PP,45,376,378,0,41474,17,44,370,-4113,0,-4,0,-159,0,380,444,11909,49,2023-07-08 13:00:00 UTC,2023-07-08,15:00:00
individuo 3,PP,45,378,376,0,41475,17,51,346,-4113,0,-5,0,-161,0,381,435,11892,49,2023-07-04 09:00:00 UTC,2023-07-04,11:00:00
individuo 3,PP,45,378,378,0,41474,17,49,340,-4113,0,-7,0,-161,0,381,441,12040,49,2023-07-03 07:00:01 UTC,2023-07-03,09:00:01
individuo 3,PP,45,378,384,0,41342,17,49,351,-4113,0,-7,0,-160,0,376,450,11839,49,2023-07-01 11:00:00 UTC,2023-07-01,13:00:00
individuo 3,PP,45,379,381,0,41474,17,50,355,-4113,0,-3,0,-162,0,379,439,11875,49,2023-07-04 10:00:00 UTC,2023-07-04,12:00:00
individuo 3,PP,45,380,379,0,41567,17,42,353,-4113,0,-3,0,-160,0,378,441,12133,49,2023-07-08 19:00:00 UTC,2023-07-08,21:00:00
individuo 3,PP,45,380,381,0,41475,17,43,361,-4113,0,2,0,-161,0,378,440,12091,49,2023-07-07 18:00:00 UTC,2023-07-07,20:00:00
individuo 3,PP,45,380,381,0,41475,17,44,358,-4113,0,1,0,-160,0,378,441,11962,49,2023-07-07 12:00:00 UTC,2023-07-07,14:00:00
individuo 3,PP,45,381,377,0,41347,17,51,357,-4113,0,-4,0,-162,0,385,442,11753,49,2023-07-02 09:00:00 UTC,2023-07-02,11:00:00
individuo 3,PP,45,381,379,0,41545,17,42,351,-4113,0,-1,0,-159,0,379,441,12146,49,2023-07-06 19:00:00 UTC,2023-07-06,21:00:00
individuo 3,PP,45,381,389,0,41474,17,49,355,-4113,0,0,0,-161,0,384,459,11763,49,2023-07-04 11:00:01 UTC,2023-07-04,13:00:01
individuo 3,PP,45,382,382,0,41322,17,48,361,-4113,0,-5,0,-162,0,384,445,11945,49,2023-07-01 12:00:00 UTC,2023-07-01,14:00:00
individuo 3,PP,45,383,384,0,41475,17,44,362,-4113,0,-1,0,-161,0,383,445,11966,49,2023-07-07 13:00:00 UTC,2023-07-07,15:00:00
individuo 3,PP,45,384,367,0,41357,17,48,336,-4113,0,-7,0,-161,0,392,430,11948,49,2023-07-02 08:00:00 UTC,2023-07-02,10:00:00
individuo 3,PP,45,384,385,0,41346,17,51,362,-4113,0,-5,0,-162,0,385,446,11811,49,2023-07-02 10:00:00 UTC,2023-07-02,12:00:00
individuo 3,PP,45,384,385,0,41474,17,43,381,-4113,0,-2,0,-163,0,388,452,11894,49,2023-07-08 14:00:00 UTC,2023-07-08,16:00:00
individuo 3,PP,45,385,361,0,41346,17,49,325,-4113,0,-9,0,-159,0,394,427,11986,49,2023-07-01 08:00:00 UTC,2023-07-01,10:00:00
individuo 3,PP,45,385,385,0,41474,17,45,365,-4113,0,-5,0,-163,0,389,452,11819,49,2023-07-06 12:00:00 UTC,2023-07-06,14:00:00
individuo 3,PP,45,386,382,0,41474,17,50,353,-4114,0,-5,0,-161,0,388,441,11802,49,2023-07-03 09:00:00 UTC,2023-07-03,11:00:00
individuo 3,PP,45,386,385,0,41346,17,46,360,-4113,0,-7,0,-162,0,383,449,12060,49,2023-07-01 19:00:00 UTC,2023-07-01,21:00:00
individuo 3,PP,45,386,387,0,41475,17,43,364,-4113,0,10,0,-160,0,386,447,11980,49,2023-07-07 17:00:00 UTC,2023-07-07,19:00:00
individuo 3,PP,45,386,388,0,41474,17,44,365,-4113,0,1,0,-155,0,384,449,11935,49,2023-07-07 14:00:00 UTC,2023-07-07,16:00:00
individuo 3,PP,45,387,385,0,41597,17,45,350,-4113,0,-2,0,-159,0,385,445,12089,49,2023-07-03 20:00:01 UTC,2023-07-03,22:00:01
individuo 3,PP,45,387,388,0,41474,17,50,361,-4113,0,-2,0,-161,0,387,449,11808,49,2023-07-03 10:00:00 UTC,2023-07-03,12:00:00
individuo 3,PP,45,389,371,0,41474,17,44,332,-4113,0,-8,0,-159,0,385,423,12180,49,2023-07-06 08:00:00 UTC,2023-07-06,10:00:00
individuo 3,PP,45,389,389,0,41475,17,43,367,-4114,0,5,0,-156,0,388,450,11971,49,2023-07-07 16:00:00 UTC,2023-07-07,18:00:00
individuo 3,PP,45,389,390,0,41474,17,46,376,-4113,0,7,0,-161,0,388,450,11958,49,2023-07-07 15:00:01 UTC,2023-07-07,17:00:01
individuo 3,PP,45,390,389,0,41475,17,43,360,-4113,0,0,0,-160,0,388,450,12054,49,2023-07-05 19:00:00 UTC,2023-07-05,21:00:00
individuo 3,PP,45,390,390,0,41219,17,48,373,-4113,0,-3,0,-163,0,385,446,12000,49,2023-07-01 13:00:00 UTC,2023-07-01,15:00:00
individuo 3,PP,45,390,390,0,41444,17,47,368,-4113,0,-1,0,-164,0,390,452,11852,49,2023-07-04 12:00:00 UTC,2023-07-04,14:00:00
individuo 3,PP,45,390,396,0,41347,17,49,368,-4114,0,-4,0,-161,0,390,465,11685,49,2023-07-02 11:00:00 UTC,2023-07-02,13:00:00
individuo 3,PP,45,391,375,0,41474,17,44,342,-4113,0,0,0,-164,0,393,433,12021,49,2023-07-07 08:00:01 UTC,2023-07-07,10:00:01
individuo 3,PP,45,392,393,0,41347,17,45,383,-4113,0,-4,0,-163,0,393,455,11823,49,2023-07-05 12:00:00 UTC,2023-07-05,14:00:00
individuo 3,PP,45,392,394,0,41474,17,43,386,-4113,0,0,0,-162,0,391,455,11933,49,2023-07-08 18:00:00 UTC,2023-07-08,20:00:00
individuo 3,PP,45,393,394,0,41474,17,44,382,-4113,0,0,0,-161,0,394,457,11844,49,2023-07-06 13:00:00 UTC,2023-07-06,15:00:00
individuo 3,PP,45,393,395,0,41471,17,46,390,-4113,0,0,0,-163,0,393,457,11852,49,2023-07-08 15:00:00 UTC,2023-07-08,17:00:00
individuo 3,PP,45,393,399,0,41474,17,48,369,-4113,0,-5,0,-165,0,392,467,11691,49,2023-07-03 11:00:00 UTC,2023-07-03,13:00:00
individuo 3,PP,45,394,393,0,41474,17,45,366,-4113,0,-3,0,-161,0,391,454,12029,49,2023-07-04 19:00:00 UTC,2023-07-04,21:00:00
individuo 3,PP,45,394,395,0,41474,17,43,380,-4113,0,2,0,-160,0,392,455,11956,49,2023-07-06 18:00:00 UTC,2023-07-06,20:00:00
individuo 3,PP,45,394,395,0,41474,17,43,381,-4113,0,0,0,-161,0,394,458,11890,49,2023-07-08 16:00:00 UTC,2023-07-08,18:00:00
individuo 3,PP,45,394,396,0,41219,17,47,379,-4113,0,-4,0,-161,0,397,461,11783,49,2023-07-01 14:00:00 UTC,2023-07-01,16:00:00
individuo 3,PP,45,395,397,0,41474,17,43,384,-4113,0,1,0,-163,0,395,459,11848,49,2023-07-08 17:00:00 UTC,2023-07-08,19:00:00
individuo 3,PP,45,397,397,0,41346,17,48,380,-4113,0,-4,0,-162,0,399,462,11777,49,2023-07-02 12:00:00 UTC,2023-07-02,14:00:00
individuo 3,PP,45,397,398,0,41474,17,44,383,-4113,0,-1,0,-161,0,398,462,11828,49,2023-07-06 14:00:00 UTC,2023-07-06,16:00:00
individuo 3,PP,45,397,399,0,41356,17,47,381,-4113,0,-2,0,-166,0,397,459,11827,49,2023-07-04 13:00:00 UTC,2023-07-04,15:00:00
individuo 3,PP,45,398,378,0,41475,17,48,325,-4113,0,-6,0,-157,0,398,433,12029,49,2023-07-04 08:00:00 UTC,2023-07-04,10:00:00
individuo 3,PP,45,398,400,0,41474,17,43,379,-4113,0,2,0,-159,0,398,463,11840,49,2023-07-06 17:00:00 UTC,2023-07-06,19:00:00
individuo 3,PP,45,399,399,0,41474,17,43,381,-4113,0,-2,0,-163,0,399,462,11863,49,2023-07-06 16:00:00 UTC,2023-07-06,18:00:00
individuo 3,PP,45,399,400,0,41219,17,47,397,-4113,0,-6,0,-165,0,399,465,11848,49,2023-07-01 18:00:00 UTC,2023-07-01,20:00:00
individuo 3,PP,45,399,400,0,41474,17,48,376,-4113,0,-3,0,-163,0,401,462,11801,49,2023-07-03 12:00:00 UTC,2023-07-03,14:00:00
individuo 3,PP,45,400,399,0,41474,17,46,373,-4114,0,-5,0,-163,0,397,460,11973,49,2023-07-02 19:00:00 UTC,2023-07-02,21:00:00
individuo 3,PP,45,401,400,0,41474,17,45,371,-4113,0,0,0,-160,0,399,459,11958,49,2023-07-03 19:00:00 UTC,2023-07-03,21:00:00
individuo 3,PP,45,401,402,0,41221,17,47,384,-4113,0,-6,0,-164,0,402,465,11797,49,2023-07-01 16:00:00 UTC,2023-07-01,18:00:00
individuo 3,PP,45,401,402,0,41398,17,47,393,-4113,0,0,0,-162,0,398,463,11833,49,2023-07-06 15:00:00 UTC,2023-07-06,17:00:00
individuo 3,PP,45,401,404,0,41218,17,51,400,-4114,0,-6,0,-167,0,401,465,11741,49,2023-07-01 15:00:00 UTC,2023-07-01,17:00:00
individuo 3,PP,45,402,402,0,41474,17,44,387,-4114,0,1,0,-163,0,400,462,11886,49,2023-07-05 18:00:00 UTC,2023-07-05,20:00:00
individuo 3,PP,45,403,383,0,41474,17,48,335,-4114,0,-7,0,-161,0,401,439,11995,49,2023-07-03 08:00:00 UTC,2023-07-03,10:00:00
individuo 3,PP,45,403,405,0,41348,17,47,389,-4113,0,-6,0,-168,0,403,465,11814,49,2023-07-04 14:00:00 UTC,2023-07-04,16:00:00
individuo 3,PP,45,403,406,0,41346,17,45,397,-4113,0,-1,0,-164,0,407,473,11678,49,2023-07-05 13:00:01 UTC,2023-07-05,15:00:01
individuo 3,PP,45,405,406,0,41474,17,44,384,-4114,0,2,0,-162,0,406,470,11781,49,2023-07-05 17:00:00 UTC,2023-07-05,19:00:00
individuo 3,PP,45,405,407,0,41219,17,47,392,-4114,0,-3,0,-162,0,404,470,11747,49,2023-07-01 17:00:01 UTC,2023-07-01,19:00:01
individuo 3,PP,45,406,406,0,41346,17,48,391,-4113,0,-1,0,-163,0,404,466,11740,49,2023-07-02 13:00:00 UTC,2023-07-02,15:00:00
individuo 3,PP,45,406,407,0,41347,17,45,390,-4113,0,0,0,-163,0,410,473,11699,49,2023-07-05 14:00:00 UTC,2023-07-05,16:00:00
individuo 3,PP,45,406,407,0,41368,17,45,398,-4114,0,0,0,-164,0,404,467,11820,49,2023-07-04 18:00:01 UTC,2023-07-04,20:00:01
individuo 3,PP,45,407,407,0,41446,17,44,391,-4114,0,0,0,-163,0,408,471,11766,49,2023-07-05 16:00:00 UTC,2023-07-05,18:00:00
individuo 3,PP,45,407,408,0,41438,17,46,389,-4114,0,0,0,-164,0,408,470,11794,49,2023-07-04 16:00:00 UTC,2023-07-04,18:00:00
individuo 3,PP,45,407,408,0,41473,17,48,390,-4114,0,-1,0,-162,0,407,470,11748,49,2023-07-03 13:00:00 UTC,2023-07-03,15:00:00
individuo 3,PP,45,408,410,0,41347,17,49,400,-4114,0,1,0,-165,0,408,471,11728,49,2023-07-04 15:00:00 UTC,2023-07-04,17:00:00
individuo 3,PP,45,409,410,0,41347,17,45,395,-4113,0,0,0,-163,0,406,469,11738,49,2023-07-05 15:00:00 UTC,2023-07-05,17:00:00
individuo 3,PP,45,409,411,0,41356,17,46,394,-4113,0,2,0,-163,0,408,473,11752,49,2023-07-04 17:00:01 UTC,2023-07-04,19:00:01
individuo 3,PP,45,411,412,0,41346,17,48,396,-4114,0,-2,0,-163,0,413,476,11671,49,2023-07-02 14:00:00 UTC,2023-07-02,16:00:00
individuo 3,PP,45,413,413,0,41363,17,46,400,-4114,0,1,0,-162,0,411,473,11790,49,2023-07-03 18:00:00 UTC,2023-07-03,20:00:00
individuo 3,PP,45,413,415,0,41346,17,51,410,-4114,0,-2,0,-168,0,415,478,11699,49,2023-07-02 15:00:00 UTC,2023-07-02,17:00:00
individuo 3,PP,45,414,415,0,41347,17,47,398,-4113,0,-1,0,-167,0,415,479,11666,49,2023-07-03 14:00:00 UTC,2023-07-03,16:00:00
individuo 3,PP,45,414,416,0,41346,17,46,404,-4113,0,-1,0,-167,0,412,476,11762,49,2023-07-02 18:00:00 UTC,2023-07-02,20:00:00
individuo 3,PP,45,416,417,0,41346,17,47,401,-4113,0,-4,0,-166,0,416,477,11732,49,2023-07-02 16:00:00 UTC,2023-07-02,18:00:00
individuo 3,PP,45,417,420,0,41346,17,47,404,-4114,0,-2,0,-165,0,417,483,11682,49,2023-07-02 17:00:00 UTC,2023-07-02,19:00:00
individuo 3,PP,45,418,418,0,41347,17,46,401,-4114,0,1,0,-166,0,419,481,11690,49,2023-07-03 16:00:00 UTC,2023-07-03,18:00:00
individuo 3,PP,45,418,420,0,41347,17,46,401,-4114,0,3,0,-163,0,416,480,11732,49,2023-07-03 17:00:00 UTC,2023-07-03,19:00:00
individuo 3,PP,45,418,420,0,41347,17,50,410,-4113,0,-1,0,-174,0,418,481,11658,49,2023-07-03 15:00:00 UTC,2023-07-03,17:00:00
individuo 4,PP,45,245,240,0,42370,17,46,184,-4103,0,-280,0,-358,0,242,291,11194,49,2023-07-05 05:00:00 UTC,2023-07-05,07:00:00
individuo 4,PP,45,247,242,0,42370,17,45,191,-4103,0,-279,0,-356,0,244,291,11158,49,2023-07-08 05:00:00 UTC,2023-07-08,07:00:00
individuo 4,PP,45,254,248,0,42370,17,46,191,-4104,0,-280,0,-358,0,251,298,11166,49,2023-07-05 04:00:00 UTC,2023-07-05,06:00:00
individuo 4,PP,45,254,250,0,42370,17,44,197,-4103,0,-279,0,-357,0,251,302,11123,49,2023-07-06 05:00:00 UTC,2023-07-06,07:00:00
individuo 4,PP,45,256,252,0,42350,17,45,198,-4104,0,-278,0,-355,0,254,304,11134,49,2023-07-08 04:00:00 UTC,2023-07-08,06:00:00
individuo 4,PP,45,265,260,0,42267,17,44,207,-4104,0,-279,0,-358,0,261,310,11129,49,2023-07-06 04:00:00 UTC,2023-07-06,06:00:00
individuo 4,PP,45,266,261,0,42252,17,46,203,-4104,0,-280,0,-358,0,264,312,11114,49,2023-07-05 03:00:00 UTC,2023-07-05,05:00:00
individuo 4,PP,45,266,262,0,42243,17,45,214,-4104,0,-279,0,-358,0,266,318,11020,49,2023-07-07 05:00:01 UTC,2023-07-07,07:00:01
individuo 4,PP,45,270,265,0,42040,17,49,211,-4104,0,-280,0,-361,0,268,318,10805,49,2023-07-01 05:00:00 UTC,2023-07-01,07:00:00
individuo 4,PP,45,270,266,0,42242,17,45,217,-4104,0,-278,0,-357,0,266,315,11053,49,2023-07-08 03:00:00 UTC,2023-07-08,05:00:00
individuo 4,PP,45,274,269,0,42242,17,44,215,-4104,0,-279,0,-358,0,271,319,11068,49,2023-07-06 03:00:00 UTC,2023-07-06,05:00:00
individuo 4,PP,45,277,280,0,42242,17,47,213,-4104,0,-277,0,-357,0,294,350,10681,49,2023-07-08 06:00:00 UTC,2023-07-08,08:00:00
individuo 4,PP,45,278,272,0,42242,17,46,214,-4104,0,-279,0,-358,0,275,323,11039,49,2023-07-05 02:00:00 UTC,2023-07-05,04:00:00
individuo 4,PP,45,278,281,0,42242,17,48,211,-4104,0,-278,0,-359,0,294,347,10723,49,2023-07-05 06:00:00 UTC,2023-07-05,08:00:00
individuo 4,PP,45,283,279,0,42114,17,49,228,-4104,0,-280,0,-361,0,282,332,10850,49,2023-07-02 05:00:00 UTC,2023-07-02,07:00:00
individuo 4,PP,45,283,285,0,42242,17,46,219,-4104,0,-278,0,-358,0,299,353,10670,49,2023-07-06 06:00:00 UTC,2023-07-06,08:00:00
individuo 4,PP,45,284,280,0,42242,17,44,222,-4104,0,-279,0,-358,0,283,331,11001,49,2023-07-06 02:00:00 UTC,2023-07-06,04:00:00
individuo 4,PP,45,284,281,0,41986,17,48,228,-4104,0,-279,0,-361,0,283,333,10767,49,2023-07-01 04:00:00 UTC,2023-07-01,06:00:00
individuo 4,PP,45,286,283,0,42242,17,44,235,-4105,0,-275,0,-356,0,284,336,10892,49,2023-07-08 02:00:00 UTC,2023-07-08,04:00:00
individuo 4,PP,45,286,284,0,42242,17,44,241,-4105,0,-277,0,-358,0,283,335,10908,49,2023-07-07 04:00:00 UTC,2023-07-07,06:00:00
individuo 4,PP,45,287,283,0,42242,17,49,233,-4104,0,-278,0,-359,0,284,335,10869,49,2023-07-04 05:00:00 UTC,2023-07-04,07:00:00
individuo 4,PP,45,288,282,0,42242,17,46,223,-4104,0,-279,0,-359,0,284,330,10968,49,2023-07-05 01:00:00 UTC,2023-07-05,03:00:00
individuo 4,PP,45,291,290,0,42242,17,44,247,-4106,0,-277,0,-356,0,290,341,10772,49,2023-07-07 03:00:00 UTC,2023-07-07,05:00:00
individuo 4,PP,45,293,294,0,41986,17,50,231,-4105,0,-279,0,-361,0,301,354,10408,49,2023-07-01 06:00:00 UTC,2023-07-01,08:00:00
individuo 4,PP,45,294,292,0,42229,17,44,244,-4106,0,-274,0,-355,0,292,342,10835,49,2023-07-08 01:00:01 UTC,2023-07-08,03:00:01
individuo 4,PP,45,295,292,0,41986,17,48,242,-4105,0,-279,0,-360,0,294,343,10740,49,2023-07-01 03:00:00 UTC,2023-07-01,05:00:00
individuo 4,PP,45,295,292,0,42114,17,49,244,-4105,0,-280,0,-362,0,293,342,10774,49,2023-07-02 04:00:00 UTC,2023-07-02,06:00:00
individuo 4,PP,45,297,294,0,42242,17,44,244,-4105,0,-278,0,-358,0,297,347,10797,49,2023-07-07 01:00:00 UTC,2023-07-07,03:00:00
individuo 4,PP,45,297,295,0,42202,17,44,251,-4105,0,-278,0,-358,0,296,347,10796,49,2023-07-07 02:00:00 UTC,2023-07-07,04:00:00
individuo 4,PP,45,297,299,0,42242,17,46,242,-4105,0,-277,0,-359,0,310,368,10564,49,2023-07-07 06:00:00 UTC,2023-07-07,08:00:00
individuo 4,PP,45,301,298,0,42242,17,48,250,-4106,0,-275,0,-358,0,299,349,10746,49,2023-07-04 04:00:01 UTC,2023-07-04,06:00:01
individuo 4,PP,45,302,298,0,42236,17,43,245,-4105,0,-278,0,-358,0,301,350,10837,49,2023-07-07 00:00:00 UTC,2023-07-07,02:00:00
individuo 4,PP,45,303,302,0,42176,17,49,257,-4105,0,-279,0,-362,0,301,350,10712,49,2023-07-03 05:00:00 UTC,2023-07-03,07:00:00
individuo 4,PP,45,303,305,0,42114,17,51,247,-4105,0,-279,0,-362,0,314,370,10443,49,2023-07-02 06:00:00 UTC,2023-07-02,08:00:00
individuo 4,PP,45,305,303,0,42114,17,49,254,-4105,0,-279,0,-361,0,304,354,10680,49,2023-07-02 03:00:00 UTC,2023-07-02,05:00:00
individuo 4,PP,45,306,304,0,42114,17,44,256,-4106,0,-274,0,-354,0,303,354,10782,49,2023-07-08 00:00:00 UTC,2023-07-08,02:00:00
individuo 4,PP,45,307,305,0,41986,17,48,255,-4105,0,-278,0,-362,0,305,355,10663,49,2023-07-01 02:00:00 UTC,2023-07-01,04:00:00
individuo 4,PP,45,308,304,0,42114,17,48,264,-4105,0,-277,0,-360,0,299,346,10646,49,2023-07-05 07:00:00 UTC,2023-07-05,09:00:00
individuo 4,PP,45,308,304,0,42115,17,43,257,-4105,0,-277,0,-358,0,302,349,10832,49,2023-07-06 01:00:00 UTC,2023-07-06,03:00:00
individuo 4,PP,45,310,308,0,42114,17,48,264,-4106,0,-274,0,-360,0,309,361,10611,49,2023-07-03 04:00:00 UTC,2023-07-03,06:00:00
individuo 4,PP,45,310,308,0,42118,17,48,260,-4106,0,-272,0,-358,0,309,357,10648,49,2023-07-04 03:00:00 UTC,2023-07-04,05:00:00
individuo 4,PP,45,310,310,0,42242,17,50,250,-4105,0,-277,0,-359,0,319,372,10536,49,2023-07-04 06:00:00 UTC,2023-07-04,08:00:00
individuo 4,PP,45,311,314,0,42114,17,48,276,-4106,0,-278,0,-360,0,312,365,10498,49,2023-07-05 08:00:00 UTC,2023-07-05,10:00:00
individuo 4,PP,45,312,312,0,42114,17,48,269,-4106,0,-276,0,-358,0,308,360,10621,49,2023-07-08 08:00:00 UTC,2023-07-08,10:00:00
individuo 4,PP,45,312,315,0,42107,17,47,282,-4106,0,-275,0,-358,0,316,367,10552,49,2023-07-08 09:00:00 UTC,2023-07-08,11:00:00
individuo 4,PP,45,314,309,0,42114,17,43,256,-4105,0,-278,0,-358,0,313,364,10724,49,2023-07-06 23:00:00 UTC,2023-07-07,01:00:00
individuo 4,PP,45,314,315,0,42115,17,50,261,-4105,0,-278,0,-361,0,325,380,10426,49,2023-07-03 06:00:00 UTC,2023-07-03,08:00:00
individuo 4,PP,45,315,310,0,42114,17,45,261,-4105,0,-278,0,-359,0,309,356,10849,49,2023-07-05 00:00:00 UTC,2023-07-05,02:00:00
individuo 4,PP,45,316,314,0,41859,17,48,263,-4105,0,-277,0,-362,0,315,365,10657,49,2023-07-01 01:00:00 UTC,2023-07-01,03:00:00
individuo 4,PP,45,317,314,0,42114,17,43,268,-4106,0,-273,0,-354,0,315,365,10701,49,2023-07-07 23:00:00 UTC,2023-07-08,01:00:00
individuo 4,PP,45,317,316,0,41987,17,49,270,-4106,0,-276,0,-359,0,314,364,10573,49,2023-07-02 02:00:00 UTC,2023-07-02,04:00:00
individuo 4,PP,45,319,317,0,42114,17,48,272,-4106,0,-275,0,-358,0,317,369,10554,49,2023-07-03 03:00:00 UTC,2023-07-03,05:00:00
individuo 4,PP,45,322,319,0,42114,17,48,272,-4106,0,-275,0,-360,0,319,368,10609,49,2023-07-04 02:00:00 UTC,2023-07-04,04:00:00
individuo 4,PP,45,322,327,0,41986,17,47,298,-4106,0,-277,0,-359,0,327,385,10237,49,2023-07-05 09:00:00 UTC,2023-07-05,11:00:00
individuo 4,PP,45,323,314,0,42114,17,48,265,-4105,0,-276,0,-359,0,304,353,10607,49,2023-07-08 07:00:00 UTC,2023-07-08,09:00:00
individuo 4,PP,45,323,327,0,41986,17,47,298,-4106,0,-275,0,-358,0,324,377,10490,49,2023-07-08 10:00:00 UTC,2023-07-08,12:00:00
individuo 4,PP,45,324,321,0,42114,17,43,273,-4106,0,-275,0,-358,0,322,374,10686,49,2023-07-06 00:00:00 UTC,2023-07-06,02:00:00
individuo 4,PP,45,325,320,0,42114,17,46,280,-4105,0,-276,0,-360,0,316,365,10516,49,2023-07-06 07:00:00 UTC,2023-07-06,09:00:00
individuo 4,PP,45,325,324,0,41858,17,47,274,-4106,0,-274,0,-359,0,323,372,10610,49,2023-07-01 00:00:00 UTC,2023-07-01,02:00:00
individuo 4,PP,45,326,324,0,41986,17,48,278,-4106,0,-277,0,-362,0,325,375,10488,49,2023-07-02 01:00:00 UTC,2023-07-02,03:00:00
individuo 4,PP,45,326,325,0,42114,17,48,278,-4106,0,-276,0,-360,0,325,375,10495,49,2023-07-03 02:00:00 UTC,2023-07-03,04:00:00
individuo 4,PP,45,328,328,0,41858,17,50,276,-4106,0,-278,0,-362,0,319,371,10257,49,2023-07-01 07:00:00 UTC,2023-07-01,09:00:00
individuo 4,PP,45,329,327,0,42102,17,43,282,-4107,0,-272,0,-355,0,326,376,10596,49,2023-07-07 22:00:00 UTC,2023-07-08,00:00:00
individuo 4,PP,45,329,331,0,41986,17,46,298,-4106,0,-276,0,-360,0,333,389,10415,49,2023-07-06 09:00:00 UTC,2023-07-06,11:00:00
individuo 4,PP,45,330,326,0,42114,17,43,279,-4106,0,-277,0,-359,0,328,378,10643,49,2023-07-06 22:00:00 UTC,2023-07-07,00:00:00
individuo 4,PP,45,330,335,0,42100,17,46,285,-4106,0,-277,0,-360,0,326,381,10468,49,2023-07-06 08:00:00 UTC,2023-07-06,10:00:00
individuo 4,PP,45,331,328,0,42114,17,47,280,-4106,0,-277,0,-360,0,330,381,10549,49,2023-07-04 01:00:00 UTC,2023-07-04,03:00:00
individuo 4,PP,45,332,331,0,42114,17,51,277,-4106,0,-274,0,-358,0,323,374,10483,49,2023-07-04 07:00:00 UTC,2023-07-04,09:00:00
individuo 4,PP,45,332,337,0,42000,17,46,289,-4106,0,-275,0,-360,0,328,381,10470,49,2023-07-07 08:00:00 UTC,2023-07-07,10:00:00
individuo 4,PP,45,333,338,0,41986,17,46,302,-4107,0,-270,0,-357,0,339,401,10370,49,2023-07-07 09:00:01 UTC,2023-07-07,11:00:01
individuo 4,PP,45,335,332,0,41986,17,48,287,-4106,0,-277,0,-362,0,334,385,10484,49,2023-07-02 00:00:00 UTC,2023-07-02,02:00:00
individuo 4,PP,45,335,332,0,42114,17,43,285,-4107,0,-272,0,-355,0,332,382,10548,49,2023-07-05 23:00:00 UTC,2023-07-06,01:00:00
individuo 4,PP,45,336,332,0,42114,17,46,283,-4106,0,-276,0,-360,0,326,376,10436,49,2023-07-07 07:00:00 UTC,2023-07-07,09:00:00
individuo 4,PP,45,336,333,0,42112,17,45,286,-4107,0,-274,0,-356,0,334,383,10561,49,2023-07-04 23:00:01 UTC,2023-07-05,01:00:01
individuo 4,PP,45,336,340,0,41858,17,50,301,-4106,0,-277,0,-362,0,343,402,10223,49,2023-07-01 09:00:00 UTC,2023-07-01,11:00:00
individuo 4,PP,45,337,336,0,42016,17,47,292,-4107,0,-276,0,-359,0,335,385,10416,49,2023-07-03 01:00:00 UTC,2023-07-03,03:00:00
individuo 4,PP,45,337,340,0,41986,17,51,297,-4106,0,-274,0,-360,0,344,408,10298,49,2023-07-04 09:00:00 UTC,2023-07-04,11:00:00
individuo 4,PP,45,338,336,0,41858,17,47,288,-4107,0,-272,0,-359,0,336,383,10510,49,2023-06-30 23:00:00 UTC,2023-07-01,01:00:00
individuo 4,PP,45,338,340,0,41986,17,51,292,-4106,0,-278,0,-363,0,329,381,10393,49,2023-07-02 07:00:00 UTC,2023-07-02,09:00:00
individuo 4,PP,45,340,338,0,41986,17,43,295,-4107,0,-273,0,-355,0,338,388,10518,49,2023-07-07 21:00:00 UTC,2023-07-07,23:00:00
individuo 4,PP,45,340,344,0,41776,17,50,312,-4107,0,-277,0,-362,0,345,401,10199,49,2023-07-01 10:00:00 UTC,2023-07-01,12:00:00
individuo 4,PP,45,340,344,0,41859,17,47,321,-4107,0,-275,0,-359,0,344,405,10238,49,2023-07-08 11:00:00 UTC,2023-07-08,13:00:00
individuo 4,PP,45,340,344,0,41986,17,46,315,-4107,0,-276,0,-360,0,341,396,10310,49,2023-07-06 10:00:00 UTC,2023-07-06,12:00:00
individuo 4,PP,45,341,347,0,41966,17,47,326,-4107,0,-276,0,-361,0,341,397,10189,49,2023-07-05 10:00:00 UTC,2023-07-05,12:00:00
individuo 4,PP,45,341,348,0,42072,17,51,286,-4106,0,-274,0,-359,0,333,384,10433,49,2023-07-04 08:00:00 UTC,2023-07-04,10:00:00
individuo 4,PP,45,342,339,0,41990,17,43,286,-4106,0,-276,0,-358,0,341,390,10567,49,2023-07-06 21:00:00 UTC,2023-07-06,23:00:00
individuo 4,PP,45,342,339,0,42015,17,47,293,-4107,0,-275,0,-359,0,341,391,10512,49,2023-07-04 00:00:00 UTC,2023-07-04,02:00:00
individuo 4,PP,45,342,346,0,41986,17,46,318,-4107,0,-274,0,-359,0,344,400,10318,49,2023-07-07 10:00:00 UTC,2023-07-07,12:00:00
individuo 4,PP,45,344,349,0,41858,17,50,290,-4106,0,-276,0,-363,0,332,384,10275,49,2023-07-01 08:00:00 UTC,2023-07-01,10:00:00
individuo 4,PP,45,345,342,0,41943,17,47,298,-4106,0,-275,0,-362,0,343,391,10429,49,2023-07-01 23:00:00 UTC,2023-07-02,01:00:00
individuo 4,PP,45,345,342,0,41987,17,46,290,-4106,0,-277,0,-361,0,346,396,10398,49,2023-07-02 23:00:00 UTC,2023-07-03,01:00:00
individuo 4,PP,45,346,344,0,41986,17,42,294,-4106,0,-276,0,-358,0,342,390,10618,49,2023-07-08 21:00:00 UTC,2023-07-08,23:00:00
individuo 4,PP,45,346,345,0,41987,17,47,302,-4106,0,-276,0,-362,0,345,395,10317,49,2023-07-03 00:00:01 UTC,2023-07-03,02:00:01
individuo 4,PP,45,346,347,0,41996,17,50,296,-4106,0,-277,0,-362,0,335,383,10404,49,2023-07-03 07:00:00 UTC,2023-07-03,09:00:00
individuo 4,PP,45,347,350,0,41986,17,50,318,-4107,0,-274,0,-361,0,348,401,10247,49,2023-07-04 10:00:01 UTC,2023-07-04,12:00:01
individuo 4,PP,45,348,346,0,41986,17,43,302,-4107,0,-274,0,-358,0,346,397,10484,49,2023-07-05 22:00:00 UTC,2023-07-06,00:00:00
individuo 4,PP,45,348,347,0,41731,17,46,299,-4107,0,-275,0,-359,0,348,397,10417,49,2023-06-30 22:00:00 UTC,2023-07-01,00:00:00
individuo 4,PP,45,348,352,0,41861,17,51,316,-4107,0,-277,0,-361,0,352,408,10261,49,2023-07-02 09:00:01 UTC,2023-07-02,11:00:01
individuo 4,PP,45,349,346,0,41987,17,45,301,-4107,0,-273,0,-357,0,346,395,10481,49,2023-07-04 22:00:01 UTC,2023-07-05,00:00:01
individuo 4,PP,45,350,353,0,41986,17,50,311,-4107,0,-276,0,-362,0,355,416,10258,49,2023-07-03 09:00:00 UTC,2023-07-03,11:00:00
individuo 4,PP,45,351,348,0,41860,17,47,301,-4106,0,-278,0,-362,0,348,396,10404,49,2023-07-01 22:00:00 UTC,2023-07-02,00:00:00
individuo 4,PP,45,351,350,0,41986,17,43,308,-4107,0,-271,0,-355,0,349,399,10453,49,2023-07-07 20:00:00 UTC,2023-07-07,22:00:00
individuo 4,PP,45,351,356,0,41976,17,51,305,-4106,0,-276,0,-363,0,343,396,10361,49,2023-07-02 08:00:00 UTC,2023-07-02,10:00:00
individuo 4,PP,45,353,352,0,41986,17,47,306,-4107,0,-275,0,-358,0,352,401,10398,49,2023-07-03 23:00:00 UTC,2023-07-04,01:00:00
individuo 4,PP,45,353,356,0,41859,17,51,326,-4107,0,-276,0,-362,0,353,407,10219,49,2023-07-02 10:00:00 UTC,2023-07-02,12:00:00
individuo 4,PP,45,354,360,0,41730,17,50,333,-4107,0,-277,0,-362,0,356,416,10157,49,2023-07-01 11:00:00 UTC,2023-07-01,13:00:00
individuo 4,PP,45,355,361,0,41858,17,45,336,-4109,0,-258,0,-353,0,358,421,10178,49,2023-07-07 11:00:00 UTC,2023-07-07,13:00:00
individuo 4,PP,45,356,360,0,41917,17,50,327,-4107,0,-272,0,-360,0,358,412,10194,49,2023-07-03 10:00:00 UTC,2023-07-03,12:00:00
individuo 4,PP,45,356,362,0,41986,17,50,304,-4106,0,-278,0,-362,0,348,400,10318,49,2023-07-03 08:00:00 UTC,2023-07-03,10:00:00
individuo 4,PP,45,356,363,0,41858,17,46,344,-4108,0,-274,0,-358,0,357,415,10154,49,2023-07-08 12:00:00 UTC,2023-07-08,14:00:00
individuo 4,PP,45,357,354,0,41859,17,47,303,-4106,0,-278,0,-362,0,357,408,10392,49,2023-07-01 21:00:00 UTC,2023-07-01,23:00:00
individuo 4,PP,45,360,367,0,41858,17,47,352,-4107,0,-275,0,-362,0,365,426,10040,49,2023-07-05 11:00:00 UTC,2023-07-05,13:00:00
individuo 4,PP,45,361,365,0,41858,17,46,343,-4107,0,-275,0,-361,0,363,423,10098,49,2023-07-06 11:00:00 UTC,2023-07-06,13:00:00
individuo 4,PP,45,361,367,0,41858,17,50,340,-4108,0,-268,0,-358,0,364,425,10065,49,2023-07-04 11:00:00 UTC,2023-07-04,13:00:00
individuo 4,PP,45,362,361,0,41986,17,43,320,-4108,0,-270,0,-354,0,360,411,10393,49,2023-07-05 21:00:00 UTC,2023-07-05,23:00:00
individuo 4,PP,45,363,362,0,41986,17,45,321,-4107,0,-275,0,-357,0,360,411,10392,49,2023-07-04 21:00:00 UTC,2023-07-04,23:00:00
individuo 4,PP,45,364,362,0,41986,17,46,319,-4107,0,-275,0,-362,0,362,413,10371,49,2023-07-02 22:00:01 UTC,2023-07-03,00:00:01
individuo 4,PP,45,364,363,0,41986,17,43,320,-4107,0,-274,0,-358,0,359,409,10455,49,2023-07-06 20:00:00 UTC,2023-07-06,22:00:00
individuo 4,PP,45,364,370,0,41858,17,45,350,-4108,0,-270,0,-358,0,365,421,10198,49,2023-07-07 12:00:00 UTC,2023-07-07,14:00:00
individuo 4,PP,45,365,363,0,41986,17,47,320,-4109,0,-259,0,-348,0,363,412,10335,49,2023-07-03 22:00:00 UTC,2023-07-04,00:00:00
individuo 4,PP,45,365,364,0,41984,17,43,324,-4107,0,-275,0,-358,0,360,412,10465,49,2023-07-08 20:00:00 UTC,2023-07-08,22:00:00
individuo 4,PP,45,365,370,0,41730,17,49,351,-4107,0,-275,0,-362,0,366,422,10119,49,2023-07-01 12:00:00 UTC,2023-07-01,14:00:00
individuo 4,PP,45,366,362,0,41986,17,45,319,-4107,0,-276,0,-360,0,364,413,10381,49,2023-07-04 20:00:00 UTC,2023-07-04,22:00:00
individuo 4,PP,45,367,374,0,41732,17,46,365,-4108,0,-275,0,-359,0,369,428,10085,49,2023-07-08 13:00:00 UTC,2023-07-08,15:00:00
individuo 4,PP,45,367,374,0,41858,17,46,353,-4107,0,-274,0,-360,0,373,432,10033,49,2023-07-06 12:00:00 UTC,2023-07-06,14:00:00
individuo 4,PP,45,368,368,0,41859,17,44,332,-4110,0,-258,0,-349,0,365,416,10348,49,2023-07-07 19:00:00 UTC,2023-07-07,21:00:00
individuo 4,PP,45,369,375,0,41858,17,50,348,-4108,0,-276,0,-360,0,368,427,10097,49,2023-07-02 11:00:00 UTC,2023-07-02,13:00:00
individuo 4,PP,45,370,376,0,41857,17,45,358,-4108,0,-270,0,-358,0,371,427,10138,49,2023-07-07 13:00:00 UTC,2023-07-07,15:00:00
individuo 4,PP,45,372,378,0,41858,17,49,357,-4108,0,-273,0,-360,0,374,431,10047,49,2023-07-04 12:00:00 UTC,2023-07-04,14:00:00
individuo 4,PP,45,373,370,0,41858,17,47,328,-4107,0,-278,0,-363,0,370,421,10347,49,2023-07-01 20:00:00 UTC,2023-07-01,22:00:00
individuo 4,PP,45,373,377,0,41858,17,50,352,-4108,0,-275,0,-362,0,374,435,10017,49,2023-07-03 11:00:01 UTC,2023-07-03,13:00:01
individuo 4,PP,45,373,381,0,41788,17,47,369,-4108,0,-274,0,-359,0,375,432,10036,49,2023-07-05 12:00:00 UTC,2023-07-05,14:00:00
individuo 4,PP,45,374,371,0,41971,17,46,324,-4107,0,-277,0,-362,0,377,428,10248,49,2023-07-02 20:00:01 UTC,2023-07-02,22:00:01
individuo 4,PP,45,374,372,0,41917,17,46,331,-4107,0,-275,0,-361,0,372,422,10274,49,2023-07-02 21:00:00 UTC,2023-07-02,23:00:00
individuo 4,PP,45,374,379,0,41730,17,49,365,-4108,0,-273,0,-359,0,373,423,10121,49,2023-07-01 13:00:00 UTC,2023-07-01,15:00:00
individuo 4,PP,45,376,375,0,41897,17,47,333,-4109,0,-264,0,-352,0,374,423,10265,49,2023-07-03 21:00:00 UTC,2023-07-03,23:00:00
individuo 4,PP,45,376,376,0,41859,17,44,338,-4108,0,-272,0,-359,0,373,425,10286,49,2023-07-05 20:00:00 UTC,2023-07-05,22:00:00
individuo 4,PP,45,377,382,0,41824,17,45,368,-4109,0,-270,0,-349,0,379,435,10094,49,2023-07-07 14:00:00 UTC,2023-07-07,16:00:00
individuo 4,PP,45,378,384,0,41731,17,46,373,-4109,0,-268,0,-357,0,379,435,10075,49,2023-07-06 13:00:00 UTC,2023-07-06,15:00:00
individuo 4,PP,45,380,387,0,41807,17,50,368,-4108,0,-274,0,-363,0,382,439,9983,49,2023-07-02 12:00:00 UTC,2023-07-02,14:00:00
individuo 4,PP,45,380,388,0,41730,17,46,391,-4109,0,-268,0,-360,0,382,441,10014,49,2023-07-08 14:00:00 UTC,2023-07-08,16:00:00
individuo 4,PP,45,382,388,0,41731,17,49,369,-4108,0,-274,0,-359,0,386,441,9996,49,2023-07-03 12:00:00 UTC,2023-07-03,14:00:00
individuo 4,PP,45,383,389,0,41731,17,49,374,-4109,0,-272,0,-361,0,383,439,9983,49,2023-07-04 13:00:00 UTC,2023-07-04,15:00:00
individuo 4,PP,45,384,390,0,41603,17,50,389,-4109,0,-274,0,-355,0,386,444,9931,49,2023-07-01 14:00:00 UTC,2023-07-01,16:00:00
individuo 4,PP,45,385,390,0,41731,17,46,383,-4112,0,-250,0,-344,0,386,440,10063,49,2023-07-07 15:00:00 UTC,2023-07-07,17:00:00
individuo 4,PP,45,385,391,0,41730,17,46,389,-4110,0,-270,0,-357,0,389,446,9965,49,2023-07-06 14:00:00 UTC,2023-07-06,16:00:00
individuo 4,PP,45,386,387,0,41858,17,44,357,-4110,0,-264,0,-350,0,383,435,10200,49,2023-07-06 19:00:00 UTC,2023-07-06,21:00:00
individuo 4,PP,45,386,391,0,41858,17,46,368,-4111,0,-260,0,-344,0,383,435,10167,49,2023-07-07 18:00:00 UTC,2023-07-07,20:00:00
individuo 4,PP,45,387,388,0,41858,17,43,360,-4108,0,-270,0,-357,0,384,436,10184,49,2023-07-08 19:00:00 UTC,2023-07-08,21:00:00
individuo 4,PP,45,388,388,0,41858,17,47,348,-4109,0,-267,0,-354,0,386,436,10171,49,2023-07-03 20:00:00 UTC,2023-07-03,22:00:00
individuo 4,PP,45,389,397,0,41730,17,47,391,-4109,0,-265,0,-360,0,392,452,9900,49,2023-07-05 13:00:00 UTC,2023-07-05,15:00:00
individuo 4,PP,45,390,396,0,41731,17,50,383,-4109,0,-273,0,-359,0,390,446,9928,49,2023-07-02 13:00:00 UTC,2023-07-02,15:00:00
individuo 4,PP,45,390,397,0,41730,17,47,400,-4110,0,-269,0,-357,0,393,452,9939,49,2023-07-08 15:00:00 UTC,2023-07-08,17:00:00
individuo 4,PP,45,391,399,0,41731,17,46,383,-4111,0,-261,0,-347,0,392,449,10028,49,2023-07-07 16:00:00 UTC,2023-07-07,18:00:00
individuo 4,PP,45,392,394,0,41858,17,44,364,-4109,1,-266,1,-359,1,389,441,10131,49,2023-07-05 19:00:00 UTC,2023-07-05,21:00:00
individuo 4,PP,45,392,399,0,41730,17,49,393,-4109,0,-270,0,-361,0,393,450,9935,49,2023-07-04 14:00:00 UTC,2023-07-04,16:00:00
individuo 4,PP,45,393,400,0,41730,17,49,383,-4109,0,-265,0,-358,0,393,448,9950,49,2023-07-03 13:00:00 UTC,2023-07-03,15:00:00
individuo 4,PP,45,394,404,0,41730,17,47,391,-4109,0,-270,0,-358,0,399,458,9878,49,2023-07-05 14:00:00 UTC,2023-07-05,16:00:00
individuo 4,PP,45,396,396,0,41730,17,47,374,-4108,0,-276,0,-364,0,394,445,10102,49,2023-07-01 19:00:00 UTC,2023-07-01,21:00:00
individuo 4,PP,45,396,402,0,41602,17,50,403,-4109,0,-275,0,-364,0,396,452,9921,49,2023-07-01 15:00:00 UTC,2023-07-01,17:00:00
individuo 4,PP,45,397,406,0,41731,17,47,388,-4111,1,-257,1,-348,1,395,450,9995,49,2023-07-07 17:00:00 UTC,2023-07-07,19:00:00
individuo 4,PP,45,398,406,0,41730,17,47,402,-4110,0,-267,0,-357,0,397,453,9957,49,2023-07-06 15:00:00 UTC,2023-07-06,17:00:00
individuo 4,PP,45,399,400,0,41857,17,46,373,-4109,0,-274,0,-358,0,396,449,10085,49,2023-07-04 19:00:00 UTC,2023-07-04,21:00:00
individuo 4,PP,45,399,405,0,41730,17,46,396,-4111,0,-260,0,-353,0,396,455,9916,49,2023-07-05 15:00:00 UTC,2023-07-05,17:00:00
individuo 4,PP,45,400,410,0,41730,17,45,403,-4110,0,-266,0,-359,0,403,462,9888,49,2023-07-08 16:00:00 UTC,2023-07-08,18:00:00
individuo 4,PP,45,401,406,0,41731,17,45,392,-4110,0,-267,0,-352,0,399,455,9997,49,2023-07-06 18:00:01 UTC,2023-07-06,20:00:01
individuo 4,PP,45,401,407,0,41730,17,45,398,-4111,0,-260,0,-351,0,399,457,10002,49,2023-07-08 18:00:00 UTC,2023-07-08,20:00:00
individuo 4,PP,45,401,407,0,41730,17,51,405,-4110,0,-274,0,-359,0,402,459,9815,49,2023-07-02 14:00:00 UTC,2023-07-02,16:00:00
individuo 4,PP,45,402,407,0,41730,17,45,398,-4110,0,-267,0,-354,0,404,462,9911,49,2023-07-05 16:00:01 UTC,2023-07-05,18:00:01
individuo 4,PP,45,402,410,0,41730,17,45,397,-4110,0,-263,0,-357,0,405,464,9920,49,2023-07-06 16:00:00 UTC,2023-07-06,18:00:00
individuo 4,PP,45,403,408,0,41730,17,49,401,-4109,0,-273,0,-359,0,406,462,9827,49,2023-07-03 14:00:00 UTC,2023-07-03,16:00:00
individuo 4,PP,45,404,405,0,41856,17,47,373,-4110,0,-263,0,-355,0,402,453,10033,49,2023-07-03 19:00:00 UTC,2023-07-03,21:00:00
individuo 4,PP,45,404,411,0,41730,17,50,407,-4110,0,-269,0,-361,0,406,463,9826,49,2023-07-04 15:00:00 UTC,2023-07-04,17:00:00
individuo 4,PP,45,406,411,0,41730,17,46,395,-4110,0,-265,0,-357,0,403,457,9973,49,2023-07-05 18:00:00 UTC,2023-07-05,20:00:00
individuo 4,PP,45,407,407,0,41732,17,47,381,-4109,0,-275,0,-363,0,402,454,10044,49,2023-07-02 19:00:00 UTC,2023-07-02,21:00:00
individuo 4,PP,45,408,418,0,41602,17,49,411,-4109,0,-275,0,-362,0,412,473,9789,49,2023-07-01 16:00:00 UTC,2023-07-01,18:00:00
individuo 4,PP,45,409,422,0,41730,17,47,406,-4110,0,-269,0,-356,0,408,466,9891,49,2023-07-06 17:00:00 UTC,2023-07-06,19:00:00
individuo 4,PP,45,410,413,0,41602,17,49,416,-4109,0,-275,0,-365,0,409,465,9894,49,2023-07-01 18:00:00 UTC,2023-07-01,20:00:00
individuo 4,PP,45,410,416,0,41711,17,50,417,-4110,0,-269,0,-363,0,414,473,9739,49,2023-07-02 15:00:00 UTC,2023-07-02,17:00:00
individuo 4,PP,45,410,422,0,41730,17,47,399,-4113,1,-248,1,-340,1,410,469,9861,49,2023-07-05 17:00:01 UTC,2023-07-05,19:00:01
individuo 4,PP,45,410,426,0,41729,17,46,415,-4110,0,-268,0,-359,0,407,465,9873,49,2023-07-08 17:00:00 UTC,2023-07-08,19:00:00
individuo 4,PP,45,411,422,0,41730,17,48,406,-4110,0,-269,0,-362,0,414,476,9791,49,2023-07-04 16:00:00 UTC,2023-07-04,18:00:00
individuo 4,PP,45,414,418,0,41730,17,48,407,-4110,0,-267,0,-359,0,411,466,9914,49,2023-07-04 18:00:00 UTC,2023-07-04,20:00:00
individuo 4,PP,45,415,422,0,41728,17,50,418,-4110,0,-271,0,-362,0,416,473,9743,49,2023-07-03 15:00:00 UTC,2023-07-03,17:00:00
individuo 4,PP,45,417,428,0,41602,17,50,422,-4110,0,-275,0,-362,0,409,469,9793,49,2023-07-01 17:00:00 UTC,2023-07-01,19:00:00
individuo 4,PP,45,419,423,0,41730,17,48,406,-4110,0,-269,0,-357,0,416,470,9878,49,2023-07-03 18:00:00 UTC,2023-07-03,20:00:00
individuo 4,PP,45,420,430,0,41730,17,49,416,-4110,0,-268,0,-362,0,425,484,9753,49,2023-07-03 16:00:00 UTC,2023-07-03,18:00:00
individuo 4,PP,45,421,432,0,41713,17,49,420,-4109,0,-274,0,-364,0,424,483,9743,49,2023-07-02 16:00:00 UTC,2023-07-02,18:00:00
individuo 4,PP,45,421,432,0,41730,17,49,417,-4111,0,-260,0,-354,0,415,473,9804,49,2023-07-04 17:00:00 UTC,2023-07-04,19:00:00
individuo 4,PP,45,422,426,0,41730,17,49,415,-4110,0,-270,0,-364,0,419,473,9845,49,2023-07-02 18:00:00 UTC,2023-07-02,20:00:00
individuo 4,PP,45,428,438,0,41606,17,50,422,-4111,0,-266,0,-358,0,424,481,9762,49,2023-07-03 17:00:00 UTC,2023-07-03,19:00:00
individuo 4,PP,45,429,441,0,41603,17,50,430,-4110,0,-273,0,-362,0,421,478,9761,49,2023-07-02 17:00:00 UTC,2023-07-02,19:00:00
